step,phase,distance_to_object,reach_error,s_ee_x,s_ee_y,s_ee_z,s_obj_rel_x,s_obj_rel_y,s_obj_rel_z,action_move_x,action_move_y,action_move_z,action_grip,obs_contact,obs_grip,true_ee_x,true_ee_y,true_ee_z,true_obj_x,true_obj_y,true_obj_z
0,Reach,0.7530672880965606,0.6802919157152681,0.08192733349101887,-0.0011345745771822614,0.8307334510562856,0.2958571999789436,0.02780728240154644,-0.6919578113347434,0.004348974214516063,0.000408755149946321,-0.008995517912208656,0,0,7.76611095660772e-05,0.08204253822021706,0.0010236664773787584,0.8302721298090928,0.4,0.0,0.15209401056927244
1,Reach,0.7438050544138656,0.6708958171920769,0.08132059187493353,8.802291640298842e-05,0.8306539752211718,0.29067300160207193,-0.0017395517713963415,-0.6846547590361802,0.004332610133397992,-2.592879142810797e-05,-0.009012647620413887,0,0,7.426269706689481e-05,0.08201266673779563,0.0010132983992476104,0.830297769271926,0.4,0.0,0.15014198217283786
2,Reach,0.7534215686156623,0.6825100503122945,0.08223327483179041,0.0018103944033897052,0.8284006663526305,0.33152030543236544,-0.014853127130288322,-0.6764005704874647,0.0048573688443221096,-0.000217625031653263,-0.0087383412187787,0,0,0.00011514985486583055,0.08221725343562838,0.0010366359815399348,0.8302835882138047,0.4,0.0,0.14815111195044778
3,Reach,0.7676445815175735,0.6960889730923485,0.08154172639064186,0.001488238534440577,0.8281921590710651,0.32677410161115317,-0.0027145427700804954,-0.6946146567033147,0.004694430083549116,-3.899706610810459e-05,-0.008829541631336476,0,0,0.00019639379939390445,0.08285742028608359,0.0010470908319729615,0.8301941188909111,0.4,0.0,0.146121407668914
4,Reach,0.7724100975478619,0.7008111480241496,0.08460202744248477,0.0031343290196240966,0.8280905144616619,0.32810181700093544,0.00253676750167821,-0.6992568349935699,0.004681743689808274,3.6197590589566285e-05,-0.008836286876136148,0,0,0.0003236937880025018,0.0840632995604401,0.0010990543118840628,0.8300038673307588,0.4,0.0,0.1440528770934953
5,Reach,0.7631375110757481,0.6918137687796865,0.0851090717810108,0.0026697418125525467,0.8294448114744069,0.32827372960471396,-0.0217894777868376,-0.688578563360838,0.004745117030321137,-0.00031496160918093307,-0.008796855321835098,0,0,0.0004865707331984484,0.08596347636337523,0.0011433090135133557,0.8296870191482235,0.4,0.0,0.14194552798789772
6,Reach,0.7400843935903167,0.6682953302168422,0.08812314324347643,0.0010329199541162593,0.8265569994220647,0.3095802371296692,-0.020405503485901533,-0.6719141327894298,0.004632386657994745,-0.00030533661636211864,-0.008857074200972962,0,0,0.0006850077957992629,0.08864767520338238,0.0012348918760174104,0.8292194882529953,0.4,0.0,0.13979936811427487
7,Reach,0.7330384468527974,0.6613100591656644,0.08976106530374253,0.002034287365102481,0.8295146663524766,0.30822207064003426,-0.00024349956947917247,-0.6650898138166687,0.004660780013370729,-3.6820787179070195e-06,-0.008847435566832927,0,0,0.0009091839005315049,0.09219599541296944,0.0013322906937904876,0.8285736345885041,0.4,0.0,0.13761440523322824
8,Reach,0.7424163237367951,0.6699670959573291,0.09471528687607148,-0.0005076325839043559,0.8282772699770133,0.29891724704443473,0.007649512883689144,-0.679538050533505,0.004461670563347683,0.0001141774413974556,-0.008948768591042721,0,0,0.0011552925141482685,0.09666616532910113,0.0014686236048342084,0.8277188086644949,0.4,0.0,0.13539064710380747
9,Reach,0.7453264928654375,0.6729576452325144,0.09918524095679172,0.001812691250623936,0.8262050259574596,0.3017742732106858,-0.002263367841491209,-0.6814974293137646,0.004484298162723442,-3.363313958204888e-05,-0.008938117184268565,0,0,0.0014124834708909286,0.10209489358180984,0.001610324396783944,0.8266214730467032,0.4,0.0,0.13312810148351076
10,Reach,0.7509006248171178,0.6789098361451129,0.10505901661688663,0.0025211640799883443,0.8266026560609605,0.30936705226632777,-0.03464992393004788,-0.6833323921009622,0.004556820888366131,-0.0005103759304297613,-0.008886782308630502,0,0,0.0016779755814544416,0.10850370925038985,0.00177464885932567,0.825243392790117,0.4,0.0,0.1308267761282851
11,Reach,0.7377103317602968,0.6638190843182119,0.11189468425750479,0.0005466105023079165,0.8271406474431263,0.2679435508108012,-0.010184427481893889,-0.687254730505111,0.00403639420951565,-0.0001534217337597939,-0.009147895034214083,0,0,0.0019412036540418548,0.1159034862603941,0.0019534405501121068,0.8235411793939362,0.4,0.0,0.1284866787925266
12,Reach,0.7339585608103302,0.6596958511368887,0.12274899444103339,0.0025989472236827497,0.8226283506242889,0.2583773055141764,-0.01298717810129587,-0.6868534561221704,0.00391661255817967,-0.00019686614792126375,-0.009198988519881516,0,0,0.002199697445624319,0.12429089867459073,0.002138492317628003,0.8214669714048419,0.4,0.0,0.12610781722908077
13,Reach,0.7563573978695656,0.6811062001790461,0.13194430481564914,0.0022808714357011386,0.8184121389860279,0.24329817106982243,0.01137255572196873,-0.7160678586855093,0.0035721033079109442,0.00016697184255523096,-0.00933874715159402,0,0,0.0024480342075492052,0.13364795249019562,0.002339119865708521,0.8189690550902298,0.4,0.0,0.12369019918924291
14,Reach,0.7763199945911453,0.7019040002605581,0.14138052487206604,0.0022245771973481965,0.8163959016709148,0.2708015691289464,-0.007147655705018368,-0.7275219276263905,0.003858099811775121,-0.00010183238309462607,-0.009225220648208585,0,0,0.002683545685201488,0.14395732911146394,0.0025059783312731017,0.8159888448195753,0.4,0.0,0.12123383242275836
15,Reach,0.743796453940287,0.66858870332135,0.15076161839727498,0.003177275081475743,0.8135602903542147,0.23941339233111048,-0.021308360180619542,-0.7038894417826341,0.003580877019635179,-0.0003187065541904304,-0.009331438576262759,0,0,0.002900268657589001,0.15517625456504003,0.0026641481884812543,0.8124689086618238,0.4,0.0,0.11873872467782279
16,Reach,0.7407120684978322,0.6666402011908618,0.16291226670617795,0.004977331484426514,0.8095928964687953,0.2653975384714428,-0.0011068095432493373,-0.6915325660909046,0.003981121120468677,-1.6602802250331933e-05,-0.009173352657077763,0,0,0.0030962378690588387,0.1672645878572697,0.0028293161995143817,0.8083463156937746,0.4,0.0,0.11620488370108258
17,Reach,0.743677473676289,0.6683073671211346,0.1753441390217889,0.004683450214482607,0.8055129457895287,0.2349323484310108,-0.025474475082521427,-0.7051340494072795,0.003515333811791244,-0.00038117902533766365,-0.009353990097403347,0,0,0.0032710395858906,0.18017799459689712,0.002979633422009796,0.8035550460984091,0.4,0.0,0.11363231723763505
18,Reach,0.724120347170331,0.6490313929998254,0.18810266434668016,0.003996401079947679,0.7996798918971855,0.23644910223186344,-2.5621157938306507e-05,-0.6844283005424182,0.0036431073255023126,-3.9475991785059005e-07,-0.009312774498452971,0,0,0.003423575960238219,0.1938509821046329,0.0031152323130036754,0.7980338253640263,0.4,0.0,0.11102103303102884
19,Reach,0.7493653532556149,0.6735256226231695,0.20404552241495524,0.004591974163624116,0.7938376355046706,0.22586650075539036,-0.009844593067432282,-0.7144479270624028,0.0033534952965220788,-0.00014616508617876635,-0.009419803876078665,0,0,0.0035534026943810477,0.20822445746904683,0.0032198445091406406,0.7917159938695142,0.4,0.0,0.10837103882326418
20,Reach,0.7230558312236938,0.6471929922148728,0.21939779294186215,0.0050516774478828585,0.7881163045608869,0.21654012303043735,0.015586385867820025,-0.689693536840914,0.003345835409765136,0.0002408305722606655,-0.009420583105425396,0,0,0.0036615179725169493,0.22321886122764004,0.0032972298345123386,0.7845423353900322,0.4,0.0,0.10568234235479322
21,Reach,0.6965753711178378,0.619740047400011,0.23241549616797302,0.002607010367034624,0.7798702831374567,0.18253179384856605,-0.01230439373074134,-0.6721220081036604,0.0029452960901000316,-0.00019854120743627648,-0.009554360906444305,0,0,0.0037480540079288514,0.238761862400209,0.0033216541106958425,0.7764489593165332,0.4,0.0,0.10295495136452032
22,Reach,0.6950005497719041,0.6180091311516274,0.24853874747342397,0.0015598230647265844,0.7706597064241196,0.17801601065516853,0.00012214146197443666,-0.6718154874778722,0.002880475411802494,1.9763698595655456e-06,-0.00957616089547181,0,0,0.0038133497446009687,0.254754225249036,0.0033038971611855,0.7673870313914087,0.4,0.0,0.10018887358980236
23,Reach,0.7006569043294428,0.6225903775098978,0.26525348099488033,0.0023656008205101783,0.761278594586061,0.1436273626305124,-0.014082960723174803,-0.6856332463537564,0.002306931938218545,-0.00022619946006073499,-0.00972763582977362,0,0,0.0038589588609204625,0.2711002771632523,0.003246184880929135,0.7573080482540346,0.4,0.0,0.09738411676644906
24,Reach,0.6651130612843275,0.5864927764613964,0.2813496020266497,0.004113656680469118,0.7498338775036053,0.11497234708671072,-0.010889563891636977,-0.6550100465600756,0.001960336967496791,-0.00018567260039141744,-0.0098042136175896,0,0,0.003884823298499804,0.2876954829857288,0.003141114443936152,0.7461722709999948,0.4,0.0,0.09454068862872332
25,Reach,0.6511939439776447,0.5722128689483973,0.2955234774655898,0.001743759322069249,0.7378260390931481,0.09683900715583985,-0.007250528649044331,-0.6439124080187775,0.0016923598264018225,-0.00012671033880047515,-0.009854941030164627,0,0,0.0038927267251989833,0.3044075605038346,0.0030060024518725925,0.7339605543063619,0.4,0.0,0.09165859690934146
26,Reach,0.6276816797284722,0.5488478934273276,0.31494093138893176,0.0025583727158675585,0.7276191017315066,0.09959958750661753,0.007031310904863294,-0.619689255919632,0.0018147029204149694,0.0001281103742779383,-0.009833129768422655,0,0,0.003881477872827764,0.3212241405915589,0.002837692491707242,0.720657335034271,0.4,0.0,0.08873784933947357
27,Reach,0.6078359506040386,0.5285027865137806,0.33166076028923613,0.003975578743323285,0.7119939900377337,0.071531233603078,-0.014694586632239423,-0.6034334218367796,0.0013534693747771346,-0.0002780418004826596,-0.009904080644296305,0,0,0.003850439468543008,0.33822681380479563,0.002651804603020622,0.7062674223966922,0.4,0.0,0.08577845364874381
28,Reach,0.6065924450513913,0.5267909775500524,0.3484158703229336,0.0008010441764859296,0.6974026997272036,0.03967914025015193,0.0030939084940412075,-0.6052853772830338,0.0007532236112829374,5.873123545946159e-05,-0.009971419399132066,0,0,0.0037972673832290913,0.35539051999206,0.00244593035333582,0.6908181185403999,0.4,0.0,0.08278041756523077
29,Reach,0.5782395916213131,0.49851634642352566,0.36704221261389053,0.002940222581156947,0.6829699424799962,0.03242741278722744,-0.030649360372645332,-0.5765154854182648,0.0006504784250279731,-0.0006148115421396129,-0.009959863683114595,0,0,0.0037207445972179923,0.3726962610239743,0.002228002269245625,0.6743563745570952,0.4,0.0,0.07974374881546768
30,Reach,0.604463528061594,0.5244641571463841,0.3818445186492771,0.0007425451108787919,0.6640340223696795,-0.0009720385009183204,-0.0020102049853897965,-0.6044594039087644,-1.85339357832801e-05,-3.832873911398153e-05,-0.009999909369638424,0,0,0.003617189735035594,0.39012070272315486,0.0019954967549941994,0.6569415729215959,0.4,0.0,0.0766684551244428
31,Reach,0.5864109056981226,0.5064128799780453,0.40108326643187664,0.0026725212024314164,0.6474264162912206,-0.003705832233956584,-0.0009612360484490829,-0.5863984082127145,-7.317808018858534e-05,-1.8981271734059286e-05,-0.009999714229911937,0,0,0.0034861698431502977,0.4076390748010612,0.0017485852859008074,0.6386569307268021,0.4,0.0,0.07355454421559968
32,Reach,0.5338727048382815,0.4539852614572138,0.4191988544387917,-0.0005491166921201637,0.6293404095153617,0.005625046735705517,-0.02549266693062338,-0.5332340459435503,0.00012390373021472316,-0.000561530716851828,-0.009983452865600697,0,0,0.003324362153957868,0.42523453292503655,0.0014848229489738693,0.6196083354724167,0.4,0.0,0.07040202381083752
33,Reach,0.5392141699771444,0.45946104137842164,0.4338976073628965,0.0016841848596318026,0.608042050631007,-0.03841383476007775,-0.007141716208844758,-0.537796703497482,-0.000836062936801628,-0.00015543681761176118,-0.009963776300250691,0,0,0.0031361974935537567,0.44290408556651456,0.0012021231458476582,0.5999360394670482,0.4,0.0,0.06721090163051141
34,Reach,0.5445955887419469,0.46527417614679517,0.4534110673444652,-0.0002372431160777848,0.5895418147475997,-0.06442503611582731,-0.011373000622430957,-0.5406518518006799,-0.001384668211104436,-0.0002444365323822044,-0.009900653752495025,0,0,0.002929814840052225,0.4606668411681704,0.0009023185392628295,0.579810258380276,0.4,0.0,0.06398118539343273
35,Reach,0.5065768407398085,0.4281062260662861,0.4730316511290304,-0.00020532965303576026,0.5712593512038403,-0.09014321739177739,0.009194651602595704,-0.4984072173575448,-0.0021056273397392733,0.0002147750030893511,-0.00977344387635139,0,0,0.002712157417395792,0.4785754631583923,0.0005746840421917726,0.5594366265496314,0.4,0.0,0.06071288281686935
36,Reach,0.496827291575026,0.41853921325679266,0.49239214121489827,-0.0034492497593820626,0.5494948224031581,-0.09378273124691047,-0.0024916924964193785,-0.4878892788760058,-0.00224071552381331,-5.953307163337675e-05,-0.009745545123528184,0,0,0.0024890773917728526,0.49667835196064114,0.00022548108425863802,0.5390134786562866,0.4,0.0,0.05740600161654604
37,Reach,0.4724684005277695,0.3944667900052744,0.506391992277081,-0.00012717940830386906,0.5287261372665508,-0.09541700751284599,0.009303510499238292,-0.4626396317512724,-0.0024188856940674315,0.00023585028537165056,-0.009700173536691292,0,0,0.0022654352221861927,0.5150539834686633,-0.00013800771713888186,0.5187613325759953,0.4,0.0,0.05406054950664471
38,Reach,0.4853596769899668,0.4094468904661458,0.5241949330020411,-0.0007222847132391813,0.5068683491491454,-0.14027600987068903,0.009708349176939907,-0.46454537459630557,-0.0034259879153310468,0.00023710887548534503,-0.009391825498015373,0,0,0.0020451977401026154,0.5337771565172761,-0.0005197068737606263,0.4988881265104334,0.4,0.0,0.05067653419980475
39,Reach,0.4757695381114904,0.4003098468116049,0.545705525605978,-0.0006546608630064857,0.48848533893529533,-0.14408981616585587,-0.014944764255589178,-0.45317924962806455,-0.0035994572033015183,-0.00037332991867728224,-0.00932226005931079,0,0,0.0018315274429397134,0.5529099919052984,-0.0009047988791222454,0.4795810547661905,0.4,0.0,0.047253963407123324
40,Reach,0.4542382110311685,0.3804412196229833,0.5667993904902955,-0.001165632707131514,0.4666527629376513,-0.1591972182238525,-0.019504722477991315,-0.42498019232858375,-0.004184541790230215,-0.0005126868875386444,-0.009067897339580045,0,0,0.0016268805609541636,0.5724983826064453,-0.0012946610644563223,0.4610087081201822,0.4,0.0,0.043792844838155695
41,Reach,0.4593064162704758,0.3873247394677128,0.5831747816461785,-0.001744457739010771,0.4511612769143288,-0.18372800874822717,-0.007777034970207972,-0.42088706389685004,-0.004743513388809564,-0.00020078849032198888,-0.008801066112258142,0,0,0.001433087420286768,0.5925651131373414,-0.0016724185841524642,0.44331208430290797,0.4,0.0,0.040293186200915515
42,Reach,0.4641555688394726,0.39414531664713576,0.6062543416587706,-0.0036080864459873217,0.43478995656204156,-0.2066548950755313,-0.00653258924450161,-0.4155616340613967,-0.005243114312088657,-0.00016574062835687589,-0.008513652703421895,0,0,0.0012514434166538643,0.6131102241197972,-0.002039498293309401,0.4266087253286759,0.4,0.0,0.03675499520187514
43,Reach,0.46776063499309717,0.39977002656915683,0.625765750373059,-0.001240361903211818,0.42034819743915286,-0.22752519098040658,0.006147832567354342,-0.4086496094127569,-0.005691401952593528,0.00015378422990125848,-0.00822096674513699,0,0,0.0010827805607433539,0.6341088414499052,-0.002378989240010315,0.41098718669748135,0.4,0.0,0.03317827954596595
44,Reach,0.4569025739009213,0.39168494916988805,0.6461147003049768,-0.0033290754295500205,0.40503472699667853,-0.24457934281006583,0.005251993976783008,-0.3858928914441817,-0.0062442874899434255,0.00013408720421639246,-0.007809666725578082,0,0,0.0009275469450244814,0.6555141870711396,-0.0027012237430183317,0.39651256158228887,0.4,0.0,0.029563046936578637
45,Reach,0.4669651302133183,0.40476739738020545,0.665192975722371,-0.0026516245727871953,0.39034157526974417,-0.2729665236178657,0.0006735297210336759,-0.37887366783247606,-0.006743787305613037,1.6639920245380262e-05,-0.007383837477200234,0,0,0.000785866978390146,0.6772586582845855,-0.002990289891224343,0.3832238448767209,0.4,0.0,0.025909305075563525
46,Reach,0.44884621219971693,0.3897594521239939,0.6870346895464317,-0.0004956615718941726,0.376866284637826,-0.28129288936602237,-0.007330465652961425,-0.349690573037734,-0.007217089613429949,-0.00018807666146424565,-0.006919410717765929,0,0,0.000657606100815301,0.6992578246982482,-0.0032634567193556797,0.37114142716576237,0.4,0.0,0.02221706166323088
47,Reach,0.477255663211522,0.42305528991839064,0.7116287552293562,-0.0021336579932192106,0.3650612251883016,-0.329115656429934,-0.021046892880303487,-0.34498243587210115,-0.0077794951221014635,-0.0004974974520319444,-0.006263541484689094,0,0,0.0005728365906959544,0.721412600068946,-0.0035053055341543278,0.36026628595323024,0.4,0.0,0.01848632439835121
48,Reach,0.48181860622682443,0.42827200408171556,0.7318862429840529,-0.003425481227714671,0.3527734718603982,-0.33676282505839966,-0.0026304405120845024,-0.34457662391369176,-0.007863292997179996,-6.141985670355905e-05,-0.0061777707016125605,0,0,0.0005209692059366878,0.7436120877559711,-0.003728927662944826,0.35058810018629327,0.4,6.393605900660768e-19,0.015552382475690293
49,Reach,0.49466556039512094,0.44494267775280466,0.7552482165278889,-0.002781721054747314,0.3473808551566787,-0.36646045041146236,-0.013290213738040728,-0.3320001884698929,-0.00823612723019246,-0.0002986949646000092,-0.005663655141885395,0,0,0.000504775025795453,0.7657353851427795,-0.003914089528978463,0.34208573170536516,0.4,-1.7628094733280962e-18,0.013279116055329061
50,Reach,0.49951706388565376,0.4543241961897787,0.7781257760720206,-0.0015893304095639922,0.3394169264734005,-0.3920927053709493,0.006429122542121905,-0.3094176366840982,-0.008630240446343425,0.0001415095783152248,-0.005049646015073048,0,0,0.0005147214265639934,0.7876514801995224,-0.004086125940360774,0.3347336056989771,0.4,-1.0742563467911412e-18,0.01155198982764701
51,Reach,0.5146902467185983,0.4701237743087541,0.8008246950742385,-0.004329792972441656,0.3351769896113411,-0.40757101553499353,0.0008943464110372935,-0.3143105431058951,-0.008669440641121904,1.902363717623714e-05,-0.004984018165224963,0,0,0.0005580418041102624,0.8092199215010307,-0.004227239023794591,0.3285011109773793,0.4,4.2672833910269055e-18,0.010274732656924366
52,Reach,0.5516646029128541,0.5082932432086572,0.8214984301518016,-0.0034378762821260607,0.32994859978112434,-0.4440222940604529,0.006094745032573078,-0.3273238313463864,-0.008735553737789493,0.00011990608008281455,-0.004865770589141169,0,0,0.0006270144949128341,0.8302865967405816,-0.0043614008059994075,0.3233559665369245,0.4,1.3554918677354745e-17,0.009366521242320158
53,Reach,0.556458907554932,0.5128553256045185,0.8421704538106445,-0.00453062817222241,0.3218843638310935,-0.44687359775163615,0.01079559912150721,-0.33141206747694785,-0.008713443644655388,0.00021049989309913282,-0.004902202530130707,0,0,0.0007320586431691079,0.8506809709659435,-0.004469831706389883,0.3192599155075388,0.4,2.1337755420991396e-17,0.008759591747990552
54,Reach,0.5621263991162438,0.5203426439097395,0.8615175990685879,-0.005572811334143806,0.3184852177779659,-0.4600665930126551,0.014111080058851217,-0.3226851344526044,-0.008841608474673853,0.00027118822998675805,-0.004663948597968484,0,0,0.0008681202227331847,0.870204459114482,-0.004574488159002467,0.3161654833442719,0.4,2.868391550695779e-17,0.008397214796885776
55,Reach,0.5743192073085988,0.5366909970392151,0.8799233804465847,-0.0019289898923296961,0.31709724673833783,-0.4883915491908035,0.023337283799526504,-0.30128328487893996,-0.009100051088710877,0.00043483650607653644,-0.004123104097137877,0,0,0.0010488842624633904,0.8886184804511694,-0.004664497293977528,0.31400460799911006,0.4,3.3886304677563515e-17,0.008231978945968292
56,Reach,0.6009984826714634,0.5643033845065942,0.897994429781448,-0.006692605393669335,0.31169181031280657,-0.5162102733413733,0.017895244994981022,-0.30725541504877596,-0.009147743705147688,0.000317120993534851,-0.004027185044220133,0,0,0.001277774064043943,0.905615227925388,-0.0047548872329828025,0.31267521130318654,0.4,3.642920112490252e-17,0.008224336022496387
57,Reach,0.6185115418000259,0.5825868517111696,0.912590055312368,-0.005707996424516983,0.3119482112437057,-0.5353983946909495,-0.0015069110356733216,-0.3096817972069556,-0.009190018503136168,-2.5865860708102732e-05,-0.003942447319783067,0,0,0.0015738002390662303,0.9207779115952642,-0.004851981661638191,0.3120213906557373,0.4,3.734321759182304e-17,0.008341368721085818
58,Reach,0.6286869426148396,0.5930059733279744,0.9267582726240842,-0.0037851370124269363,0.312476788467476,-0.5454914582690731,0.008031930597261679,-0.3124449213233518,-0.009198751493307093,0.00013544434556343754,-0.0039197736916351976,0,0,0.0019534687892035435,0.9335056732205552,-0.004962206082707405,0.31181479086695946,0.4,3.713928026041231e-17,0.008555746826026998
59,Reach,0.6293446467118065,0.5961065344201466,0.9381553527669761,-0.006301414547749885,0.31271440565955555,-0.5560538004943675,0.01027562001088714,-0.29457302479006886,-0.009328094365468753,0.00017237891916220292,-0.003599575116196158,0,0,0.0024286112000343214,0.9429243950426202,-0.005090895258701487,0.3117480112984039,0.4,3.8165264843369653e-17,0.008844843491312067
60,Reach,0.6186682193644509,0.5844062153917228,0.9457544306699748,-0.004052890287619953,0.311757082662675,-0.542359320429671,-0.0041298781094376204,-0.2976233816443979,-0.009280519374116033,-7.066793611476901e-05,-0.0037238375621745684,0,0,0.0029500965596152705,0.9478784635957506,-0.00519099225912826,0.3114614279865208,0.4,3.818704834385345e-17,0.00918998731672865
61,Reach,0.6110170649541171,0.5741044003528354,0.947951172365885,-0.004742046671265082,0.31362151945719285,-0.5243848035749089,0.011622001467462626,-0.3134124447540944,-0.009133962450951959,0.00020243707347165308,-0.004065679423649128,0,0,0.003373966914064634,0.947805928489055,-0.005263670207062619,0.3106466871333596,0.4,3.900636322455428e-17,0.00957582961669701
62,Reach,0.6114407375623021,0.5746322002236072,0.9461162397072767,-0.004172068873717375,0.31029674191702766,-0.525305979766785,0.005655475078365976,-0.31286006260567706,-0.009141603612926184,9.841904223545523e-05,-0.004052332300818924,0,0,0.003661719514057173,0.9443803883348338,-0.00513328939310554,0.30913926466440017,0.4,3.914619364809981e-17,0.009989809386550511
63,Reach,0.5995297309356598,0.5677877604548638,0.9418938681544388,-0.005062432495109712,0.3078681573300671,-0.5344027418575816,0.009663187587094009,-0.2715809834589679,-0.009412015881241666,0.0001701901354716184,-0.0033741654329689907,0,0,0.003833059035882646,0.9409700981509793,-0.00471981750100866,0.3069692112751338,0.4,3.9160010994881023e-17,0.010421701111378499
64,Reach,0.6079176815863058,0.5756911827355591,0.9418399740609937,-0.005054341323693184,0.3024680982546257,-0.5393884736637143,0.03345025381926864,-0.2783973106612635,-0.009369406547111905,0.0005810450953985488,-0.0034462454282958217,0,0,0.00390666187433426,0.9399793460537724,-0.0042095858119958526,0.3042544914040366,0.4,3.874786268562419e-17,0.01086323280562507
65,Reach,0.6116035346551495,0.5783102982879572,0.942179008543593,-0.001743160720139777,0.30125442101462263,-0.5397551894707053,0.0030269565529905994,-0.2876005156047915,-0.009333314503798545,5.2341391151976185e-05,-0.0035897772565935057,0,0,0.0038999386611742754,0.9418353003584935,-0.003887390047606207,0.3011430590374287,0.4,3.787375886313163e-17,0.011307763577085255
66,Reach,0.5968765983914582,0.5638706498165653,0.9448523508439413,-0.00426104945887433,0.29779751863553516,-0.5274052009581919,-0.003827305155635484,-0.2794472748925153,-0.009353301171638635,-6.78755873688506e-05,-0.0035371104163232857,0,0,0.0038286340772974515,0.9452278272509108,-0.004042630201144786,0.2978778058572142,0.4,3.7254852561806965e-17,0.011750011627504662
67,Reach,0.6179651034343752,0.584693867601481,0.9496447690793502,-0.00467197668309418,0.2964938793682747,-0.5453073143016419,-0.019241225709118015,-0.29008718907424913,-0.009326373073461335,-0.0003290820508867139,-0.0035931142896378303,0,0,0.0037065191583667513,0.9477780032848812,-0.004813353505120008,0.2947913064854997,0.4,3.660415748753918e-17,0.012185824976794164
68,Reach,0.5949717461862706,0.561332671929302,0.9464691668378525,-0.005059788685572532,0.29498455996206696,-0.5232637370559281,0.0061037211117563545,-0.2831063136540662,-0.009321811525017227,0.00010873625243971363,-0.003618287760731781,0,0,0.003545220016610179,0.9473411254177521,-0.006021102384514164,0.29225600721340883,0.4,3.550598461316618e-17,0.0126119883655636
69,Reach,0.606020317029283,0.5733404413171955,0.9449362024022292,-0.007378518076735216,0.2928438807066394,-0.536899935926986,0.01017508426477399,-0.28088351876547657,-0.00936441766943056,0.00017747019975422794,-0.0035037388659339233,0,0,0.0033544046948387834,0.9444293215798324,-0.007211199313465659,0.29051607466397145,0.4,3.4827889216936885e-17,0.013026060782398709
70,Reach,0.5955828266758797,0.5624981461200532,0.9407390692207226,-0.008499886857721739,0.2926975669934583,-0.5256593085948229,0.01730098572718068,-0.2794671190170885,-0.009345085174425307,0.0003075740932928898,-0.00354609380302769,0,0,0.0031423934152184168,0.9419826603366982,-0.008055347139359681,0.2895476536353986,0.4,3.4803165015539774e-17,0.013426238904518497
71,Reach,0.6146662255770018,0.5825559282964119,0.941097158636435,-0.011082938671370758,0.2911003771857042,-0.5468495492329364,0.014798957901251044,-0.2802697454486463,-0.009387073801344828,0.00025403497213611985,-0.003437777142433378,0,0,0.002916548354243588,0.9419683313632569,-0.008606743457579632,0.28917675280218885,0.4,3.3824816127889104e-17,0.013811242455639102
72,Reach,0.6123512925181366,0.5800691918200215,0.9438521720732845,-0.011413938906043454,0.2869999555169555,-0.5439814672264706,0.018151894375893127,-0.28058648843687245,-0.009377872069359135,0.0003129263651968803,-0.0034579752082249623,0,0,0.0026833681294368807,0.9440028793804977,-0.009035115007584308,0.2892089677619313,0.4,3.300997177160767e-17,0.0141802180921499
73,Reach,0.617422055037923,0.5855709829513334,0.9436804623147371,-0.00992783096829743,0.28896015997367425,-0.550332169414425,0.015364337476061793,-0.2794788623291329,-0.009398214485299436,0.00026238215217946887,-0.003406570136445977,0,0,0.0024484456889524364,0.9462495887592728,-0.009390665369751968,0.2894991131013847,0.4,3.248208686629483e-17,0.014532658944309407
74,Reach,0.5977425053053866,0.5648742376273215,0.9479867112687497,-0.00950607126572337,0.2867233021408817,-0.5278941672276303,0.029602257970528487,-0.27883248946070316,-0.009345339759961067,0.0005240504168656868,-0.0035199426034345695,0,0,0.002216354779631187,0.9470426859106049,-0.009598832008338366,0.28989388310739483,0.4,3.170247603443652e-17,0.014868337376894343
75,Reach,0.6092494569182363,0.5773647130845511,0.9485945129469467,-0.010384087929102169,0.2876270063413138,-0.5425444553592979,0.019895455271752377,-0.2764680552497493,-0.009396910532699043,0.00034459077288360063,-0.0034028414067795295,0,0,0.0019905201122515136,0.9465755885030304,-0.009664307660508409,0.29014281068555753,0.4,3.128502017765545e-17,0.015187248905305858
76,Reach,0.5975960401845986,0.5655768061241588,0.9464258926225708,-0.011099044563014446,0.2888740251542769,-0.5316373422252225,0.00876878559083018,-0.2727743976169244,-0.009399914149034504,0.00015504146379201417,-0.0034084565620359866,0,0,0.0017733925006124388,0.9461576378285343,-0.00966829037038219,0.29004277940369194,0.4,3.0447789907863867e-17,0.01548956551851519
77,Reach,0.5874358402933559,0.5564131756179985,0.9467643123085996,-0.008268776675832184,0.29119080420545346,-0.5258537559788874,0.005335821640484883,-0.261782777874097,-0.009450778288900702,9.589675216728068e-05,-0.003267046609243104,0,0,0.0015668219158991707,0.9463864392145673,-0.009678789832675444,0.28965282069687737,0.4,2.9051286534335917e-17,0.015775596927881906
78,Reach,0.6024770914012952,0.5691287750869238,0.9462147677886158,-0.010282086965960911,0.2899285339247011,-0.5311740642338133,0.00814718642997522,-0.28419426894638933,-0.009333108559704898,0.00014315189789395008,-0.0035878394817623204,0,0,0.0013723263393531815,0.9469225757742482,-0.009707299261284318,0.2892237345762279,0.4,2.798279020809379e-17,0.0160457584879896
79,Reach,0.5860191531172768,0.5524785657796798,0.9466074868138001,-0.008004428884726187,0.2912581054716199,-0.5149755568764868,0.02379590622855105,-0.2786617635894897,-0.00932118617397822,0.00043071184481101673,-0.003595827528786212,0,0,0.0011910941419836783,0.9472354304819919,-0.009646351878437417,0.28903370641683523,0.4,2.7057420170279714e-17,0.016300544728330885
80,Reach,0.6066474205677373,0.5705056172720646,0.9493146820020923,-0.011556500284852219,0.29175806255601566,-0.523551433308572,0.01839896183254609,-0.30590270964068556,-0.009176972451419336,0.00032250272872899567,-0.003959692995151637,0,0,0.0010238222528790092,0.9471805268906969,-0.00939276180408101,0.28931199298403054,0.4,2.6063553856079796e-17,0.016540507598123446
81,Reach,0.6062662247255213,0.5746926761052611,0.950076647333934,-0.011499467766147855,0.291703277074926,-0.5412899742285662,-0.0032853723587771408,-0.27304414546193545,-0.009418772793433393,-5.716746524494406e-05,-0.0033590848376598647,0,0,0.0008706749242312068,0.9467548550109685,-0.008986253381952657,0.29016714691901296,0.4,2.5297991485914382e-17,0.01676623866516387
82,Reach,0.6141703107710268,0.5818384519555018,0.9456459059797215,-0.008377898914929911,0.29380495939705503,-0.5447348670768717,0.0335277809695269,-0.28168241536628097,-0.0093623043517676,0.0005762386596630617,-0.003466295750795538,0,0,0.0007314860597699525,0.9462211350878755,-0.008486147815355905,0.29143367878004367,0.4,2.381413403455061e-17,0.016978354627172117
83,Reach,0.5967199606577608,0.5622095945014366,0.945571502073565,-0.00892573505064247,0.2946543170759753,-0.5210838088171856,0.021545248587187576,-0.2899692706120608,-0.009268497263538858,0.0003832244913268289,-0.003734715178567168,0,0,0.0006059660197778041,0.9462631233099011,-0.007920833748474375,0.2928049912313927,0.4,2.2435468392142393e-17,0.017177485593729898
84,Reach,0.5975619233257798,0.5662084404023946,0.945546939940135,-0.008167866427047935,0.29387382959127833,-0.5332785874694336,0.029026643575393023,-0.2680515889118323,-0.009418414658220948,0.000512649432685325,-0.00332124312343679,0,0,0.0004937303742948502,0.9471252441662542,-0.007384687002777222,0.29406900225319554,0.4,2.179939161280812e-17,0.01736426568137464
85,Reach,0.6275580688668049,0.5963580446284918,0.9476359499014505,-0.008091987934819508,0.2950373620272071,-0.5617013046820836,0.02583109246504533,-0.27866382754197017,-0.009418860192151879,0.0004331473801302891,-0.0033312844411402228,0,0,0.00039423586607510144,0.9480052778848435,-0.006978677271175245,0.295163205807829,0.4,2.1751465066078367e-17,0.017539325535974076
86,Reach,0.6015643823999482,0.5682630643910284,0.9508735055721955,-0.008634262238156717,0.29476199180425444,-0.5305677547542221,0.004082670088582707,-0.28347997388218193,-0.009336657403957763,7.184472024339373e-05,-0.0035807355190370957,0,0,0.00036534525255734114,0.9479989138611605,-0.006676564194401864,0.2961291641266093,0.4,2.1434650354575473e-17,0.01770328645712542
87,Reach,0.6053469481206987,0.5708726237687713,0.948717080224649,-0.005912914854947635,0.29740712933694197,-0.5294174933972913,0.007666239718269647,-0.2934335939400174,-0.00927382872035792,0.0001342898467903203,-0.0037387253312477537,0,0,0.0004599958639283785,0.9476211903036131,-0.00639097934220442,0.2970236050605963,0.4,2.0890626283594773e-17,0.01785675585065303
88,Reach,0.6069311085005804,0.5736685314018322,0.9456407141629396,-0.004901531602491589,0.2981956133375289,-0.5356225933479462,5.615758127091794e-05,-0.2854361659063022,-0.00933679579807322,9.78920372949336e-07,-0.0035810952607822633,0,0,0.0005289875877706679,0.9478129574358897,-0.006062743043460551,0.2978999557080275,0.4,2.060145623077611e-17,0.018000323778733996
89,Reach,0.6274856344955799,0.598230663424583,0.9468434643000264,-0.0054107899115101955,0.30076809606902605,-0.5691938539649541,0.00043825882800575485,-0.2641143427306489,-0.009514621846807266,7.325917155381734e-06,-0.003077648037576054,0,0,0.0005941721300891659,0.9482384511024647,-0.005706966186128871,0.29880724579340884,0.4,2.0464969141261308e-17,0.018134560413941115
90,Reach,0.6318667677507712,0.5980187639975849,0.9478062438836676,-0.006277167269080099,0.2996053678619663,-0.5558842612114406,-0.01178470332146583,-0.3001823130912994,-0.009295431760293153,-0.00019706243400605775,-0.003681862950577728,0,0,0.0006370032902795564,0.9480749506453171,-0.00538032211829015,0.29973323892753095,0.4,2.062265961517739e-17,0.018260014234593377
91,Reach,0.6014991366739751,0.5662112828712436,0.9490041918808851,-0.005126401901290857,0.29846580129779876,-0.5227470936501523,0.0028537332189136856,-0.2975374660552376,-0.00923236801286111,5.040050075375528e-05,-0.0038419839490324253,0,0,0.0006609228143161566,0.9476700647173272,-0.0050685148833351035,0.3006242693982333,0.4,2.110416135617966e-17,0.01837721082508932
92,Reach,0.6072214582873449,0.5722590556129663,0.9489452664177684,-0.004207008257262948,0.30299824833061384,-0.5289103152715458,0.018058832950382825,-0.2977342042097849,-0.009242497957590409,0.00031557094244737447,-0.0038048188503817092,0,0,0.0006690481438417011,0.9477017692143741,-0.0047289400479366105,0.3014594052314316,0.4,2.138909663476756e-17,0.01848665216710965
93,Reach,0.6014520669078088,0.5689794770566011,0.9472956041548316,-0.0022865671350221716,0.30294755616082003,-0.5333797675011137,-0.014841675856610143,-0.27754339672545003,-0.009374323486329437,-0.0002608472968724269,-0.0034718896672225443,0,0,0.0006642210906885305,0.9479977069075048,-0.004380653574240686,0.30230544420960814,0.4,2.14891597671289e-17,0.018588816326329357
94,Reach,0.5994108447248938,0.5660722634431778,0.9471732733548794,-0.002307898858460341,0.30368716102454657,-0.5283403470131716,-0.012136524504235264,-0.2828472083383011,-0.009333443468851503,-0.000214398854846092,-0.0035834154301160677,0,0,0.0006489817567354131,0.9481861515834357,-0.004035057295662331,0.3032482413624824,0.4,2.1939130713813983e-17,0.01868415745510655
95,Reach,0.5988955871415015,0.5676588300679425,0.94815560977919,-0.00462128148361448,0.30604994427527255,-0.5355667189396311,0.012499465548575391,-0.267746105896616,-0.009434658470397258,0.0002201932725520951,-0.0033073757678383137,0,0,0.0006255417562535286,0.9483406986241053,-0.0037098080108940714,0.30427732853055395,0.4,2.1786003627788655e-17,0.01877310604495945
96,Reach,0.6383259177411018,0.6051066481359356,0.9501990483825842,-0.006718899135859351,0.3056214631049854,-0.5642870507379996,-0.011811742747152618,-0.29816201026070593,-0.009325414825243069,-0.00019520100768251916,-0.0036053480974430874,0,0,0.0005958224663091863,0.9484248099997262,-0.0033987121382230744,0.30525769899284466,0.4,2.1547992082688524e-17,0.018856069373886772
97,Reach,0.628946464459978,0.5971043833434017,0.9489404116780132,-0.004094973885754949,0.3063540767498655,-0.5607938324089746,-0.02068562884005691,-0.2840000659300147,-0.00939188939241894,-0.0003464323729166189,-0.003416489170415148,0,0,0.0005615069935824329,0.9483403292990866,-0.00311146355090599,0.3060340342692267,0.4,2.1980746249384802e-17,0.01893343210305168
98,Reach,0.6158912807823911,0.5829501652544982,0.9511907195093288,-0.003820015880139748,0.30898290528967987,-0.5449514028457063,-0.009187874645786031,-0.286819841084546,-0.009348164480025446,-0.00015760995010225077,-0.00354781340518627,0,0,0.0005240527316866928,0.9483358689949954,-0.0028584169559168152,0.3065164555647629,0.4,2.260516655952305e-17,0.01900555698530824
99,Reach,0.6226809121922701,0.5911550635915642,0.9475867625164418,-0.0008829518497312182,0.30751621173941995,-0.5564377491797035,0.013138824018013022,-0.27917005749157026,-0.009412720679394412,0.0002222568125897131,-0.0033691677490083906,0,0,0.0004846919935475954,0.9484498710811924,-0.002644542259627275,0.3067855502393316,0.4,2.3203099486241106e-17,0.019072785609201857
100,Reach,0.6248734302548736,0.5905998913524657,0.9512443308276597,-0.0018654730837206418,0.3067164241235617,-0.547881627921383,-0.008529124483498277,-0.30036607608092614,-0.00927669706587215,-0.00014441459621617432,-0.0037312244602058903,0,0,0.0004444514439467895,0.9483526863542234,-0.0024256297013044124,0.3070449929804862,0.4,2.3410469989946522e-17,0.019135431952411037
101,Reach,0.6166057195729461,0.5851301530655733,0.9503170074404537,-0.002356727772918412,0.30909004221453307,-0.5511198559590599,-0.008246584132140876,-0.2764082336470591,-0.009418756717145255,-0.0001409358941585209,-0.0033566589008966756,0,0,0.0004041803498529662,0.9481968088359496,-0.0021945356384372866,0.30748695213545774,0.4,2.3484876405170033e-17,0.01919378250009527
102,Reach,0.6540431207837843,0.6199202598061476,0.9492986896489861,-0.001589843262177865,0.30825771465064744,-0.5749673313249385,-0.005559248366133606,-0.3116954707904399,-0.00927485950378092,-8.967682985343975e-05,-0.0037375044148886555,0,0,0.00036457313457659984,0.9483539372033845,-0.0019873688605319445,0.3081576908819433,0.4,2.298067990810709e-17,0.01924810240027591
103,Reach,0.6442376218290083,0.6116992804465166,0.9487331121762306,-0.003179273159317512,0.30748326514092483,-0.5724225228213055,-0.010278167707250048,-0.29541314800693974,-0.009357907408415772,-0.00016802648026244837,-0.0035215530717920174,0,0,0.00032618423508217555,0.9485391279263135,-0.0018132090153389346,0.30891538017695974,0.4,2.258092432647524e-17,0.01929863969772484
104,Reach,0.6266224961874732,0.5943740246813168,0.946635526065564,-0.004271849774839111,0.30871014581857026,-0.5574781545583796,0.0048223595490135985,-0.28609544695220757,-0.009379248274809458,8.113341681778883e-05,-0.003467436973927468,0,0,0.00028944150943626415,0.9484895241570589,-0.0016723251995954108,0.3095388339614247,0.4,2.1800240828340433e-17,0.01934562819322201
105,Reach,0.6187379210759897,0.5874518563028238,0.9486536855179452,-0.0035140331571322523,0.3088400661846836,-0.5538174480736066,-0.005139524416376252,-0.27585582189877617,-0.009427452516008747,-8.748843605197315e-05,-0.0033339893269111577,0,0,0.00025466183360224257,0.9484975471694275,-0.0015640110738873226,0.3098695235196839,0.4,2.0680608122723763e-17,0.01938928933561584
106,Reach,0.6418723226083068,0.6066368427513641,0.9479775955075092,-0.004494653137176025,0.3095632302172792,-0.5592884892984821,-0.0019162952525112445,-0.31494887217024503,-0.009219494265496035,-3.1588837298770136e-05,-0.003872974003765562,0,0,0.00022206877508721426,0.9485991959569211,-0.001475823352821482,0.3099591703346943,0.4,1.9784309504780338e-17,0.01942983344807383
107,Reach,0.6518750838837564,0.6208933456434955,0.9493388914663008,-0.002840906736649871,0.3078270770588828,-0.5853231402870642,0.01680098682268837,-0.28645361452550744,-0.009427112472600809,0.00027059376526697643,-0.003325105929610799,0,0,0.0001918092578701047,0.9485638710399577,-0.0014048531500706035,0.3100016502913342,0.4,1.8929815149131485e-17,0.019467460509212334
108,Reach,0.6362317085277669,0.6052688787139339,0.9492824898782419,-0.002514604013920584,0.30787628790046506,-0.5710546020942977,0.012085727499712807,-0.2802523212283663,-0.009434725990004077,0.00019967534966265534,-0.003308485340496266,0,0,0.00016396347356969603,0.9484926667270979,-0.001340737799873917,0.3101933247405743,0.4,1.7484138612420923e-17,0.01950236064853819
109,Reach,0.6050918546355168,0.5753141002888154,0.9481425030454538,-0.0009437891523377461,0.3102802824447401,-0.545956659432029,0.025107866815315297,-0.25968649096950225,-0.009489714560410591,0.0004364201538378916,-0.0031232763264327644,0,0,0.00013855239923464942,0.9484942151799047,-0.001290085217304749,0.3105871805271543,0.4,1.6293218888050552e-17,0.01953471448020301
110,Reach,0.6082875171065123,0.5748881895598402,0.9468518978608773,0.0024377727434487842,0.3107783470212504,-0.5356726746655781,0.026632161119888795,-0.28698295607634183,-0.009317858400878138,0.0004632581013758441,-0.0036004036930175434,0,0,0.0001155510719606184,0.9484799792580272,-0.0012504893014375616,0.31105027266716334,0.4,1.4450134197894776e-17,0.019564695566256615
111,Reach,0.6185550785973433,0.5866734611477322,0.9492469519927361,-0.00019809498131000342,0.31309109285063447,-0.5514271514932728,0.0072273643512424475,-0.28015397027191136,-0.009399217588852482,0.00012319228378088336,-0.003411675890031608,0,0,9.490040032399801e-05,0.9485444537680116,-0.001230642909570972,0.311416138532471,0.4,1.29093383296107e-17,0.019592470978365927
112,Reach,0.6271493049046869,0.598548393441734,0.9489817693932701,0.0002176163363281763,0.3110495225896495,-0.5711191001204969,-0.002486570437757162,-0.25910044594219406,-0.00954173641393447,-4.1543348290671144e-05,-0.0029922467072769554,0,0,7.6512223210862e-05,0.948645465311541,-0.0012491798820275586,0.31162663352898073,0.4,1.1907201055724603e-17,0.019618199910776166
113,Reach,0.6188818875962844,0.5877560699321722,0.9503468790656195,-0.0004894248985846457,0.3108122803686326,-0.5544383042594341,0.01156119363392108,-0.274734956578922,-0.00943313617030645,0.00019670053999196053,-0.0033131934579832523,0,0,6.027429263756383e-05,0.9486292490558542,-0.0012818667075393797,0.3117551200452379,0.4,1.123715447551747e-17,0.019642032854726703
114,Reach,0.5941908336395338,0.5622750981012121,0.9492453110769198,-0.0019613104062047746,0.31315357093983964,-0.5289266802271431,0.005423593617285629,-0.27068413022822796,-0.009406902102072708,9.64580084659797e-05,-0.003391296019904903,0,0,4.605933705118014e-05,0.94862609528258,-0.0013118317340995978,0.31190721486710715,0.4,1.0929379712046987e-17,0.01966411119093815
115,Reach,0.5953002319620447,0.5626608154032469,0.9498732908872021,-0.0005961609912405428,0.31047804497517517,-0.5270490468474516,-0.017443430607316356,-0.27621983114886023,-0.009367082839591858,-0.00031001680106006716,-0.0034873555395577654,0,0,3.616528822653189e-05,0.9486527693940198,-0.0013545570743665628,0.3121291413738598,0.4,1.1056231892281206e-17,0.019684567088327963
116,Reach,0.5977870076657934,0.5649840608978971,0.9511064455734664,-0.0006258191679768663,0.31351656093785424,-0.5290058838606164,-0.00117323692795002,-0.2783894841584038,-0.009363200140901275,-2.0765841182943483e-05,-0.003511417363582163,0,0,2.7513821391375197e-05,0.9485838291401301,-0.0014026312390651489,0.31236397837590557,0.4,1.1063733597027271e-17,0.01970352362237549
117,Reach,0.5973711565209706,0.56620240218197,0.9512377513022199,-0.00023774672540565676,0.3133230272593049,-0.5344386284596547,-0.010722288338843818,-0.2666696150410538,-0.00943900319744481,-0.00018937200367789706,-0.003296870771329942,0,0,2.0018830656655666e-05,0.9485657338875756,-0.0014443864177887283,0.31255279577252726,0.4,1.208938224138189e-17,0.01972109504664643
118,Reach,0.610477208989386,0.5743852531265108,0.9485804071514323,-0.0027178587233911192,0.3137115783111978,-0.5273187902652806,0.014120068870914288,-0.30727502303915294,-0.009180576753928889,0.00024582923732904897,-0.00395683945230214,0,0,1.3591018227551276e-05,0.948626730655604,-0.0014914655279670741,0.3127216993878831,0.4,1.2791537998662976e-17,0.019737387166855823
119,Reach,0.6539410181305162,0.619022196748027,0.9481529644269326,-0.00020083238998473175,0.31550407391099794,-0.5711024767490732,0.021783958156986638,-0.3178148445426442,-0.009225880424794209,0.0003519091604699564,-0.003841782181511121,0,0,2.6142936532961704e-05,0.9486531840107031,-0.0015352501251408948,0.3129282158526872,0.4,1.3353693223796266e-17,0.01975249777930753
120,Reach,0.6422947088429023,0.6084489936549781,0.947283922289585,-0.0025951222756180376,0.31265645471032816,-0.5649756507574782,0.024039065687473528,-0.30457696954895636,-0.009285505550163645,0.0003950876069836171,-0.003690974459500923,0,0,6.69985489826365e-05,0.9486764821945369,-0.0015629625273091163,0.31319633505614625,0.4,1.3473400632134764e-17,0.0197665171452728
121,Reach,0.6097265078972864,0.577369208226538,0.948424685608209,-0.0012967687922914527,0.3132712647189242,-0.5412343804600842,0.019811954587464035,-0.28007007390300154,-0.009374146953949164,0.0003431418632164147,-0.0034652016604339165,0,0,0.0001095723093040305,0.948684715015677,-0.001588276690286829,0.3134685543932144,0.4,1.3219291258805406e-17,0.01977952848041488
122,Reach,0.6256347823926801,0.5965529746703419,0.9495249076788626,-0.002058440076602285,0.3129391234158214,-0.56746946984144,0.02601017432632646,-0.26214643344689104,-0.009512474062425495,0.0004360077885907754,-0.0030533153161719805,0,0,0.00014226792837474038,0.948663050975483,-0.0016077976521770604,0.3136419270070192,0.4,1.2999365228689295e-17,0.019791608444184348
123,Reach,0.6150769906367736,0.58342216618336,0.9493711540919334,-0.0014902100187146883,0.3116749719091627,-0.5490667554005932,-0.007286530597888921,-0.27711425260441014,-0.009411139775378892,-0.00012489293380051118,-0.00337858696548839,0,0,0.00016638400460943138,0.948668619053583,-0.0016206523414616708,0.313710319817334,0.4,1.2236970174298516e-17,0.01980282761856508
124,Reach,0.6360946980101864,0.6035513538540379,0.9488198672362942,0.0009013697738902961,0.3104492535113624,-0.564394679085251,0.027017757128576993,-0.2921389256101762,-0.009351228780803024,0.0004476463677208639,-0.0035148446649243964,0,0,0.0001831213215776329,0.9486520785946742,-0.0016240840912684121,0.31379074392466594,0.4,1.1092609715772233e-17,0.01981325096893818
125,Reach,0.6227531264323871,0.5905389391118122,0.9491067141435257,0.0010048217908886687,0.3148271747863318,-0.5539147587271402,0.013538582771405194,-0.28428261171255004,-0.00937981768924915,0.0002292580873967027,-0.0034592572679423483,0,0,0.0001935811865148008,0.9486508874129926,-0.0016175109366268659,0.3139848804524685,0.4,1.0205443320725682e-17,0.019822938282383764
126,Reach,0.6269284966259269,0.5927957150191218,0.9485803353283374,0.00031559337560498133,0.31428814187742266,-0.5502206885526284,0.01320290856324708,-0.3002036258538308,-0.009281792607675648,0.0002227227395329805,-0.0037146629146387763,0,0,0.00019876530265247282,0.9486895769840678,-0.0016053140896758306,0.3142870259371881,0.4,9.570979556534194e-18,0.019831944580644394
127,Reach,0.6046929394710331,0.5692062359640244,0.9501001822379365,-0.001003008677182965,0.3143193553986292,-0.5248003148338949,-0.004610324714680134,-0.30036132491116196,-0.009219862357008047,-8.099568176501007e-05,-0.0038713793171635154,0,0,0.00019957717477410094,0.9486945457365631,-0.0015913260630109544,0.3145670834115828,0.4,8.751272488643881e-18,0.019840320506376328
128,Reach,0.6389416112285219,0.6048485010550493,0.9488524542686655,-0.0024722291890925683,0.31462102235664446,-0.5614297459618944,-0.0004527491751016798,-0.3050292083172473,-0.009282154869898519,-7.485331852719159e-06,-0.003720422683113612,0,0,0.00019682494955222348,0.9487038490036425,-0.001578686842762988,0.3147263283671601,0.4,8.299694668980741e-18,0.01984811268233075
129,Reach,0.6069636615459195,0.5740099118334144,0.9488457444620704,-0.002906490971712496,0.3159835379338688,-0.5364294832196315,0.0206532816545472,-0.2832344222139086,-0.00934530000546943,0.00035980705609385137,-0.003540608237317163,0,0,0.00019122570835813587,0.9487151262986487,-0.0015616273443949005,0.3147986899767481,0.4,7.716394525172125e-18,0.019855364043828858
130,Reach,0.6241372984943134,0.5909317004850285,0.9493256544102788,-0.002620153813208909,0.312798621736949,-0.551507680607526,0.004871185928224264,-0.29216932958532726,-0.009332849805736537,8.243230011566587e-05,-0.0035904205073307395,0,0,0.00018341066928550165,0.9487015880052789,-0.0015467117443159228,0.31488361641138674,0.4,6.965323363121365e-18,0.01986211414538985
131,Reach,0.5901153115779496,0.556050749631411,0.9467208699145983,-0.002687268054466733,0.31400844429194275,-0.517178880503872,0.009651268575620636,-0.28402277995679076,-0.009300929471755842,0.0001735681245285285,-0.0036691395541150014,0,0,0.00017393023164061905,0.9486944142078074,-0.00153624235209568,0.31505533152083803,0.4,6.212182383217335e-18,0.01986839944270039
132,Reach,0.6221705590852236,0.5886204786814242,0.9493339257852986,-0.00422686395488949,0.31563051966562766,-0.5483704744661182,0.003957600518734049,-0.2938883541829417,-0.009316197691499445,6.723518229606141e-05,-0.0036337226095509885,0,0,0.00016325930757581507,0.9486921383745693,-0.0015224744263140305,0.3152898497260625,0.4,5.325159377690923e-18,0.0198742535513138
133,Reach,0.6280256236406135,0.5911630915429286,0.9494854699530827,-0.005088670897603003,0.3157675597271203,-0.5396983306287066,0.013098525371098199,-0.32088989466617895,-0.009129432103416681,0.00022157211027689847,-0.0040748466558942174,0,0,0.00015180425364846685,0.9487072551122353,-0.0015101131246150943,0.3154874953490535,0.4,4.708321490482021e-18,0.019879707483576283
134,Reach,0.6096622110644804,0.5756569041422269,0.9508943525326417,-0.0024916496585021155,0.31726934435224674,-0.5349974295772468,0.015770014012947496,-0.2919196269588621,-0.009293685626413778,0.0002739481434075047,-0.0036813529974879505,0,0,0.00013990858110178114,0.9487288898128148,-0.0015053472418531024,0.3156322742510879,0.4,4.342467177700961e-18,0.019884789865317706
135,Reach,0.6079868297735078,0.5752682814690384,0.9515545901535926,-0.00072909142595408,0.31597982713650263,-0.5381482040279322,0.02324373924670393,-0.28196493446062154,-0.00935473450150399,0.00040405042300172315,-0.003510795588188387,0,0,0.00012785817752663408,0.9487322137493025,-0.0015029045123478013,0.31575284775157164,0.4,3.663110731752484e-18,0.019889527133835905
136,Reach,0.5932443514998185,0.5609864243216262,0.9494882095366124,-0.0006899172798218376,0.3155191158700159,-0.5268453304569476,-0.0019608397845928566,-0.2727068269579789,-0.009391409624467049,-3.4953426670957424e-05,-0.0034351424313165857,0,0,0.00013190867602200373,0.9487336342650172,-0.0014956085189697002,0.31589034660028875,0.4,3.0282901709011836e-18,0.019893943718663043
137,Reach,0.6201022310555127,0.5862121439913089,0.9462787231172123,-0.002549916281050052,0.31687756187337895,-0.5451578902077266,0.0012835975712091226,-0.29551311998210805,-0.009299668998597358,2.1896468443481323e-05,-0.0036763673729915632,0,0,0.00013294293481105074,0.9487244118932796,-0.0014920277052410625,0.3160442303377072,0.4,2.554546697315248e-18,0.019898062206537632
138,Reach,0.6283512899263619,0.5944037112380717,0.9481928158201154,-0.0009822000960594932,0.315142878575477,-0.5523815368487774,0.0062264199780167956,-0.2994348226158124,-0.009293036473447196,0.00010475069149632174,-0.003691679888047064,0,0,0.00013151024535214894,0.9487151000828581,-0.0014892210266335788,0.31618423777564786,0.4,1.7126551136266544e-18,0.01990190349192844
139,Reach,0.5998313869684418,0.5667851787707926,0.94830458926483,-0.0029667561750583936,0.31685058573468855,-0.5299545425833385,0.0034758245227086695,-0.2809515869890335,-0.00935018349866999,6.132525430969834e-05,-0.0035454629816687234,0,0,0.00012809893538080677,0.9487271795168527,-0.001484356779898726,0.3163027101392066,0.4,9.206044204286762e-19,0.019905486914369955
140,Reach,0.5905352899788154,0.557652489655223,0.9450521032395861,-0.00132052165576717,0.31764622640164947,-0.5218598082384639,-0.015275691905226305,-0.27597268432309363,-0.009358154368881445,-0.0002739285162103505,-0.003514243869766576,0,0,0.0001361109562850052,0.9487377598939036,-0.001479888518896156,0.31643288789912993,0.4,4.6572029886544864e-20,0.019908830383780166
141,Reach,0.6057265538700474,0.5717721327944751,0.9485846483086109,0.0006205787122576143,0.3167348663494056,-0.5316017679620878,0.01649369954880508,-0.2898830388933781,-0.00929744101665013,0.00028846630681691126,-0.0036707462091165087,0,0,0.0001533571283840904,0.9487464620692466,-0.001478385266506165,0.3165962388951355,0.4,-8.650256239620721e-19,0.019911950494841332
142,Reach,0.6193334685590414,0.5839404077300524,0.9489298224027567,-0.0004840974138293595,0.3188540050503239,-0.5378770047823884,-0.022822835870519396,-0.3061721593589575,-0.00921116260601444,-0.00039084186619724523,-0.0038732061759205014,0,0,0.00016902894720636477,0.9487466856376229,-0.0014717468288150072,0.31676166163882397,0.4,-1.2902605460404548e-18,0.019914862631437106
143,Reach,0.6210577564663461,0.5856631905138667,0.9496195561404509,-0.0008602840609960055,0.3166298415209287,-0.5397011758224625,0.014816034103727393,-0.30694602590080855,-0.009215214214656778,0.0002529787485999873,-0.0038750262877488314,0,0,0.00017886460512786032,0.9487428853911363,-0.0014649349385978002,0.31687194714899314,0.4,-1.3011025557755508e-18,0.01991758106205448
144,Reach,0.6204045393398461,0.5867251034216828,0.9490659162034008,-0.002814756727098431,0.3150528752846846,-0.5462676758497409,0.0008046203297899625,-0.29409653405188896,-0.009310453441722521,1.3713753256807168e-05,-0.0036490092686219445,0,0,0.0001851443501088215,0.9487438396809427,-0.0014640045659946351,0.31694528613176576,0.4,-1.7800853295915434e-18,0.019920119026980317
145,Reach,0.6052192464522702,0.570681495784255,0.9493253668759266,-0.0029878743920457003,0.3176725087665976,-0.5284627655536553,0.026091391870294044,-0.29383104153561934,-0.009260205026052565,0.0004571970891475662,-0.0037469419126997193,0,0,0.00018707842804786308,0.9487425996626763,-0.001463485211103145,0.31704050664916295,0.4,-2.5284250746862737e-18,0.019922488818046834
146,Reach,0.6065737481659899,0.575510373705691,0.9512096667765286,-0.0015124124526410903,0.3176035515555599,-0.5430771088508268,0.019243882115852276,-0.26949701075796006,-0.009436443436353241,0.0003343794133881827,-0.0032926775852500363,0,0,0.00018545092483849914,0.9487494985371897,-0.0014566553565639124,0.3171932715465141,0.4,-3.0673799886563682e-18,0.019924701851611503
147,Reach,0.6137286790077238,0.5790250888635724,0.9498944794322138,0.000736731198648883,0.3165154661132446,-0.5360336775013631,0.010294147503039464,-0.29870523689436035,-0.00925752075015287,0.00017778413580045978,-0.0037771288515943873,0,0,0.00018095935951187132,0.9487539982020545,-0.0014544591563009004,0.3173650660528782,0.4,-3.8792873852049416e-18,0.019926768735392036
148,Reach,0.6202009152185217,0.5892854556158929,0.9495765618146197,-0.0019855256929142318,0.31845276315895016,-0.5564145654887315,-0.011870480057449409,-0.27369891898413456,-0.009442190710564775,-0.00020143853788217044,-0.003287013401369117,0,0,0.00017421906767347133,0.9487569324466412,-0.0014543878409829676,0.3174883543716057,0.4,-4.862805091273044e-18,0.019928699329720342
149,Reach,0.6221445011044152,0.5896922601182715,0.9470880531336177,-0.002108083117630336,0.31975147301976914,-0.5526089932235316,-0.0031082664593835296,-0.28579261631916575,-0.009371142044711555,-5.270997551774075e-05,-0.003489830717430325,0,0,0.00016576807817980405,0.9487620199321855,-0.0014518326013305332,0.3175560125322216,0.4,-5.889971173597375e-18,0.019930502803723736
150,Reach,0.6161960004965985,0.582793228681861,0.947280569295128,0.0013772960992900272,0.31514503696520524,-0.543487257488364,0.006272786926258798,-0.2903097726911005,-0.009325558890201972,0.00010763314701590378,-0.0036086516167452886,0,0,0.00016805566041167634,0.9487586822290777,-0.0014494504966312235,0.3176278196849752,0.4,-6.665516631752478e-18,0.01993218768689309
151,Reach,0.6085890220067721,0.5764617529037057,0.9487360521022883,-0.002473056921900074,0.3162369761787958,-0.5413745324587035,0.006038559364780329,-0.2779527821646648,-0.00939133480637243,0.0001047521250865889,-0.0034339274230693246,0,0,0.0001670404075212464,0.9487576663370562,-0.0014507657555051815,0.31774998602780374,0.4,-7.246934332814122e-18,0.019933761916454986
152,Reach,0.6233536870393834,0.5886468426560093,0.9468642942334521,-0.0031760652731483603,0.31455512745480807,-0.544682438145773,0.011821512772016093,-0.3029044611044063,-0.009253127659500112,0.00020082521327519112,-0.003786726521774043,0,0,0.00016336066624901698,0.9487572713843084,-0.0014475526236506005,0.3178979569386523,0.4,-7.505780475993522e-18,0.019935232880923196
153,Reach,0.6291972097394556,0.5942288962648545,0.945848263786055,-0.0015097317587406552,0.3169336900623549,-0.5489661045976204,0.006445527364405308,-0.3073821724235575,-0.009238293661722905,0.00010846876355088031,-0.003826508166344887,0,0,0.0001575803879493139,0.9487640164779142,-0.0014440636373775797,0.3180152939679292,0.4,-7.907764992446277e-18,0.019936607460169054
154,Reach,0.6551484444708688,0.6196152275106265,0.9474265027522429,-0.0010251226463670353,0.3182685979564005,-0.5698506423666817,-0.009710075338972552,-0.32310283830971015,-0.009196846963495724,-0.0001567113735726584,-0.003923448416308343,0,0,0.0001639056224754807,0.9487714882045412,-0.0014440520669670143,0.31809472529389127,0.4,-8.035498875040099e-18,0.019937892062317848
155,Reach,0.6252205818204114,0.5901950030195751,0.9499994729307681,-0.004545075925652042,0.31694394611927923,-0.5450468105825161,0.012168378189915416,-0.30606646464110987,-0.00923502923260837,0.00020617555431101856,-0.0038303690048967064,0,0,0.00017860493511846214,0.9487718562715153,-0.0014449286926133027,0.3181787688692408,0.4,-8.681300194113898e-18,0.01993909265774866
156,Reach,0.6202262613540499,0.587056519622589,0.9468986963835406,-0.002221852508858576,0.3168220447417864,-0.547879731990256,-0.015629271720523422,-0.2902828627614685,-0.009332657311130463,-0.0002662311242292527,-0.003581986669642245,0,0,0.00018987738930791986,0.9487706518235525,-0.001439906626605938,0.3182917822907675,0.4,-9.330024881567926e-18,0.01994021481044848
157,Reach,0.6327680573712804,0.5985077781033655,0.9483452422652179,-0.00010935513146613496,0.3186012506826402,-0.5550942353526013,-0.007939524363211084,-0.30364908736997864,-0.00927463694977634,-0.00013265532468719038,-0.003736778293486993,0,0,0.00019578452301781822,0.9487659243535671,-0.0014367931575993051,0.31840556126757835,0.4,-9.640902038348394e-18,0.019941263706947966
158,Reach,0.6169712288846754,0.5832279530648922,0.948588258384658,-0.0024142494942355794,0.32153581535120485,-0.5428956489600156,-0.000696378517294731,-0.2931165752200149,-0.009308464145229524,-1.1940074436337061e-05,-0.0036540871215118647,0,0,0.00019723418612559412,0.9487710250029843,-0.0014364475485440916,0.3184923700468797,0.4,-9.98584956363103e-18,0.019942244183044112
159,Reach,0.6299428094439912,0.5970600812679684,0.9491053968143075,-0.0007743233132824868,0.3195428890517813,-0.5575366073194606,-0.024850684938035994,-0.29217001579047175,-0.009338031880065198,-0.00041621749163435836,-0.0035535789855501505,0,0,0.00019503979671441155,0.9487764971460746,-0.0014355818245597965,0.3185723364451387,0.4,-1.0563828328332008e-17,0.01994316074849633
160,Reach,0.6228310902984208,0.5891829463060569,0.9485524608420357,-0.00044946420914972776,0.32172462995817364,-0.5485938399857192,-0.002154990201925367,-0.29488764265270984,-0.009311095024477281,-3.657590932385772e-05,-0.00364721423116487,0,0,0.00018992402994475336,0.9487799009438205,-0.0014302936295911423,0.31867930580236076,0.4,-1.1004328893622565e-17,0.01994401760986502
161,Reach,0.6131896203306695,0.5766002264486692,0.9495541334650704,-0.0014416351033150951,0.32092375508040705,-0.5276570855916174,0.013494990092634562,-0.31208555837883756,-0.00915117721755857,0.00023404413445605768,-0.004025068803879469,0,0,0.00018252365911943912,0.9487793785474029,-0.0014288340047495518,0.3187983325710156,0.4,-1.162039903853107e-17,0.019944818691645712
162,Reach,0.6366554110255981,0.6020344171732886,0.9473602525366456,0.0010836647456038588,0.3188506784941686,-0.5566744932419103,0.023698720221529267,-0.3080292057936994,-0.009246555966943631,0.00039364394369346934,-0.0037876440165058507,0,0,0.0001733947578630944,0.9487775380892886,-0.0014282852443717631,0.3188862401252759,0.4,-1.230183605448927e-17,0.01994556765583796
163,Reach,0.620002046498034,0.5860411188276486,0.9497881548670803,-0.0035182824599784977,0.31855535694304965,-0.5446869921170183,0.010427979899199469,-0.29598965440617603,-0.00929434769366768,0.0001779393896465869,-0.003685571668388295,0,0,0.0001636322486438815,0.9487804249634698,-0.0014261699124823869,0.31894341545000576,0.4,-1.3562002344531478e-17,0.019946267920075547
164,Reach,0.6492341091482481,0.6149766394760225,0.9515714591778893,-0.002239425386950082,0.31667483611309877,-0.5699032447157285,0.013917473652489503,-0.3106791336268596,-0.00926707143219785,0.00022630898084759096,-0.0037510227026412704,0,0,0.0001629113193794802,0.9487814257028017,-0.0014228445971930408,0.3190214056244985,0.4,-1.4609073955279664e-17,0.01994692267443436
165,Reach,0.6134298054919326,0.5776220854822822,0.9497899679322788,-0.0008956381146374729,0.3210263084891846,-0.5309533018847483,0.020212565090170505,-0.3065553289310581,-0.009192053337805322,0.0003499271513016013,-0.0039222068308190985,0,0,0.00016085778007299227,0.9487849844261813,-0.0014237488996860933,0.31914099743758234,0.4,-1.5265770833496464e-17,0.019947534897021214
166,Reach,0.5926266017225189,0.5598884513188722,0.9503255505605414,-0.001559118326423058,0.3196271734094842,-0.524503440694355,0.00507138346170137,-0.27582006968084943,-0.009367998919406813,9.05784616516956e-05,-0.0034974836365989693,0,0,0.00015644067175046982,0.9487846412994785,-0.0014219606717574577,0.3192560601581731,0.4,-1.53559583758898e-17,0.01994810736844057
167,Reach,0.6247979829693772,0.591885189647254,0.951917619093658,-0.0009064808279771519,0.31924196135216437,-0.5531284946669501,0.012657378796034669,-0.29027776124272675,-0.009345199108573713,0.00021384854727617177,-0.003552678203826084,0,0,0.00015109464750690112,0.9487881287734841,-0.0014186230868794348,0.31932328313787733,0.4,-1.5968938366883385e-17,0.01994864268522597
168,Reach,0.6279895528750113,0.5907829111880647,0.9493600825414349,-0.001864869854342414,0.31959157450324954,-0.5381784644577183,-0.011723221377170552,-0.3234151898019493,-0.009109580765893197,-0.0001984353500272232,-0.004120213790755071,0,0,0.00015569692700533345,0.9487887070317902,-0.0014176557554159111,0.3193729564001878,0.4,-1.6780763470020402e-17,0.019949143272316314
169,Reach,0.6393149653651183,0.6014654915391908,0.9481754328916518,-0.003182978734653608,0.31667266909131364,-0.5453720562228754,0.007658847348848755,-0.3335180464207632,-0.009067387304751791,0.0001273364383590694,-0.004215005681739004,0,0,0.00015962694892353188,0.948788671410788,-0.0014195041165156147,0.3194590892377748,0.4,-1.7699541339459858e-17,0.019949611394649656
170,Reach,0.6438427148262685,0.6120987136516731,0.947521715161195,0.001029663412885816,0.31908971328792357,-0.5749526506340656,0.018398890458682423,-0.28917878863016777,-0.009393136071206546,0.00030058698128799984,-0.0034174028463847595,0,0,0.00016008932947427228,0.9487883919041424,-0.0014161530065174744,0.31957392203517304,0.4,-1.867946304666841e-17,0.019950049167942185
171,Reach,0.6361943931984458,0.6040388180214522,0.9468871997870999,-0.0012946180388522304,0.3190221428641705,-0.5664801415787799,-0.013285407348985014,-0.28925257662741,-0.00937820757007477,-0.0002199429399670335,-0.0034642239932993583,0,0,0.00015772820173366248,0.9487909011308893,-0.0014129239096337897,0.3196631469879482,0.4,-1.9693598840481583e-17,0.01995045856871239
172,Reach,0.6208903814568643,0.5860970923009956,0.9485694468618944,-0.002022069575973672,0.3192844097075306,-0.541126970914214,-0.034624842889700136,-0.3024691511373041,-0.009232718913341976,-0.0005907697435208948,-0.003795772988122128,0,0,0.00016437496818918947,0.9487954585320442,-0.0014130463844147087,0.3197183804194113,0.4,-2.0690049331558694e-17,0.01995084144360779
173,Reach,0.6377830990231204,0.6013055277761552,0.9494812592733624,-0.0013445338694737315,0.3200103775149671,-0.5502155977453437,0.005299594573129774,-0.3224933979085928,-0.009150349902490328,8.813480549113838e-05,-0.004032781784086052,0,0,0.00017598878377278503,0.9487956846964296,-0.0014145950548081613,0.3197855248126871,0.4,-2.1760393140767692e-17,0.019951199518085216
174,Reach,0.6206698196990131,0.5832579986784512,0.9501399198519934,-0.0016945893275444137,0.3195751362487803,-0.5308806608931029,0.005472608830839709,-0.32150707539258333,-0.00910198680679862,9.382826884911263e-05,-0.0041406560379761825,0,0,0.00018253807764720802,0.9487949554925137,-0.0014106799259357922,0.31988280581276207,0.4,-2.2560237674573702e-17,0.019951534404492474
175,Reach,0.6135329971062712,0.5803135612537867,0.9469764500282329,0.00022438915403145043,0.3198640776495408,-0.5417876170227572,-0.00456357488675536,-0.287868182269696,-0.009336118491737589,-7.863981115477648e-05,-0.0035819976672712916,0,0,0.00018473558030944123,0.9487935016555857,-0.0014080937835415051,0.31997091058575383,0.4,-2.3314412229459105e-17,0.019951847609594495
176,Reach,0.6355928488415953,0.6019684246132743,0.9461590346085524,0.00023110949620028674,0.31789770237715187,-0.5602224747287213,0.009108932968863205,-0.3000767829199235,-0.009306509308833399,0.00015131911569473273,-0.00365595227127251,0,0,0.00018336203262591722,0.9487981416469538,-0.0014088390198180732,0.3200289054724785,0.4,-2.4133648539779172e-17,0.01995214054158464
177,Reach,0.6147184106556772,0.5773366426172054,0.9486333976668371,-0.001893768202434744,0.3208978167512602,-0.525022362431268,-0.027991292171992917,-0.31850703431584393,-0.009093868701131038,-0.00048483484514514236,-0.004131160517278695,0,0,0.00017911237780335402,0.9488000413224716,-0.0014102927943655948,0.32009229845521797,0.4,-2.449484561302671e-17,0.01995241451661805
178,Reach,0.6121666052118147,0.5783439367626066,0.9484033534280496,-0.0014133306512174794,0.3207975743501971,-0.538060392456105,0.013079201424959325,-0.2916640209155481,-0.009303467335855605,0.00022614919243681736,-0.0036598295142571888,0,0,0.00017832824997889916,0.9488013666397526,-0.00140628253124252,0.3201857196619858,0.4,-2.5281100853657558e-17,0.01995267076490105
179,Reach,0.6273009334808705,0.5932330116919412,0.9471514694585849,-0.0029587080115225377,0.32091274414517856,-0.5509735877957918,0.0023656889143433774,-0.2998815936555043,-0.009287642072115599,3.987790409027088e-05,-0.003706496255634644,0,0,0.00017464323510964073,0.9487993525830093,-0.0014043284716375108,0.32027328751506157,0.4,-2.5766943597578517e-17,0.019952910436368335
180,Reach,0.6411295313512778,0.6053717418923467,0.9501295030034982,-0.003093808806653066,0.3210903956380198,-0.5561822107578369,-0.014760614588908422,-0.3185758130558437,-0.009187449169980301,-0.00024382728111437525,-0.003940980335654149,0,0,0.00017137988774799877,0.9488017765385349,-0.0014055706270294606,0.32032538690828927,0.4,-2.6192471636805716e-17,0.019953134605976773
181,Reach,0.6273914111237503,0.5934189531161234,0.9479380080945254,-0.003244637035410032,0.32020801449501635,-0.5514374521983288,0.0029774282236006526,-0.29921205521509275,-0.00929254870109315,5.017413427673271e-05,-0.003694052137431414,0,0,0.00017260901969896013,0.948802952688498,-0.0014068718236778842,0.32037662109283155,0.4,-2.6884869833815866e-17,0.01995334427864308
182,Reach,0.6134171571803543,0.5807771589076416,0.9482356583820115,-0.0020277057872362917,0.3220716779896041,-0.5438081755932562,0.010744890316241533,-0.2836156275899719,-0.009363456658937506,0.0001850088308646836,-0.0035059165889537326,0,0,0.00017645033756101644,0.9488047746919169,-0.0014030414458484108,0.3204649703464881,0.4,-2.7675364669538195e-17,0.019953540393849924
183,Reach,0.628992537948875,0.5923500086801017,0.9467630568944853,0.0004716979339216387,0.3236335260443465,-0.5416274132851555,0.007678015998815354,-0.3197067500753155,-0.00914370566976156,0.0001296195810973958,-0.004046707969321041,0,0,0.00017655311482742326,0.9488041204423152,-0.0014019520230073783,0.3205589289933815,0.4,-2.791375342851387e-17,0.01995372382994391
184,Reach,0.5983276478260263,0.5644066947810298,0.947998127237138,-0.0005860393036989124,0.32182853960591007,-0.5249204116970929,0.019196353061416573,-0.28650660649611775,-0.009300393077384452,0.0003401156159011206,-0.0036588263109854705,0,0,0.00017705881509931222,0.9488065395302403,-0.0014033954258990083,0.32061422217863167,0.4,-2.789457428160589e-17,0.019953895408146096
185,Reach,0.6229418035150384,0.5874235442025262,0.9493903285504744,-0.0029290948231712696,0.3211247738752247,-0.5410805671588534,-0.0002579907061752715,-0.3086879392694469,-0.0092110807014624,-4.391902720302337e-06,-0.0038930673025697124,0,0,0.00018175769804223247,0.9488074124867787,-0.0014042536003282821,0.3206554550742765,0.4,-2.752214114373853e-17,0.019954055896295744
186,Reach,0.6094182900747027,0.5777105500030129,0.9509348423994052,0.00027603649962444773,0.32205224464312737,-0.5436646627322654,0.007265633071785331,-0.27525732932994296,-0.009410675687494891,0.00012576597522318813,-0.0033798470415491743,0,0,0.00018811347014861525,0.9488079447759201,-0.0014004967095232724,0.32073113504876205,0.4,-2.6914462260427297e-17,0.01995420601234457
187,Reach,0.6234102866413925,0.5896392952237872,0.9466833046364168,-0.0005440397538581364,0.3217576910152614,-0.5485670678905759,0.008762088492232332,-0.29603679386436726,-0.009303434698706382,0.0001486008236426447,-0.00366388053873469,0,0,0.00019005853219586174,0.9488072423631555,-0.0013997023859384301,0.32082279162195876,0.4,-2.7223765734761578e-17,0.01995434642761943
188,Reach,0.6517936952515315,0.6165236995108376,0.9493326193651614,-0.0023648288125616155,0.32249516446610044,-0.5680289422780349,-0.006616114463123773,-0.3195846819444795,-0.009213416170841779,-0.00010731322199573402,-0.0038860579428588193,0,0,0.00018838900596120656,0.9488099417143535,-0.0014006875519509592,0.3208826722025354,0.4,-2.7457249790853973e-17,0.01995447776986914
189,Reach,0.6083267478011325,0.5744866443252143,0.9490755067606969,-0.0026140829166320387,0.3195859862377591,-0.5346290647928363,0.006083189507389089,-0.2901657973891082,-0.009306205289085627,0.00010588913715364675,-0.0036583234695728496,0,0,0.00018381309060776167,0.9488117571040311,-0.001400861167373231,0.3209243790674588,0.4,-2.7468964454844693e-17,0.01995460062610947
190,Reach,0.6215199326810267,0.5845591231009936,0.9491907477247706,-0.001845300228911616,0.32003853854698744,-0.5324781522107216,0.03523463884227828,-0.31861036449515856,-0.009109055545759158,0.0006027557769582673,-0.004081885904532092,0,0,0.0001844361028911766,0.94881216952718,-0.001396863915319575,0.32099364805461267,0.4,-2.79565897155913e-17,0.019954715545280197
191,Reach,0.6442236487028518,0.6102901267333519,0.9502854251670311,-0.0031662779201100484,0.32119323502542174,-0.5665788660980355,0.018384053445859173,-0.306062942248779,-0.00928376261190254,0.0003012346528406405,-0.0037041880958947654,0,0,0.00018178923163987342,0.9488107484152236,-0.0013957543291676392,0.3210771746094196,0.4,-2.8223504767183336e-17,0.019954823040727328
192,Reach,0.632474296689014,0.6013949173179715,0.9494382770937947,-0.0034106306400779325,0.32038276088648676,-0.5659246865251302,0.039182473015173976,-0.2796743087273324,-0.009410200688907928,0.0006515265075720168,-0.003320186170142837,0,0,0.00017774080735517904,0.9488127644891134,-0.0013963227997406985,0.3211325950492336,0.4,-2.8493696449512786e-17,0.0199549235925218
193,Reach,0.6118793520561957,0.578494667502313,0.9503359289124634,-0.0026110674806504664,0.3250044882297629,-0.5396482543860635,0.0038756986794634685,-0.28837663215061393,-0.009328491422678598,6.699627321021023e-05,-0.0036020493162070635,0,0,0.00017916231685102926,0.9488147788888026,-0.0013962521982943932,0.3211751344403219,0.4,-2.88473616813989e-17,0.019955017649625872
194,Reach,0.6173576371941649,0.5851123007579868,0.9464330550314155,-0.003801992789402829,0.32397126842485346,-0.5487071177177513,0.01833899955993638,-0.28233779814785814,-0.009377808619079204,0.0003134270042892454,-0.00345810193847811,0,0,0.00018485459605790312,0.9488158140837831,-0.001391730662705776,0.32124602167228467,0.4,-2.916765616364981e-17,0.019955105631916794
195,Reach,0.6183315776060642,0.5844377233949326,0.9486571519554265,-0.0024978489640778,0.32112126777137967,-0.5431795579889962,-0.01970892484851317,-0.2947905458609529,-0.009294053690335518,-0.0003372288279754813,-0.0036751656722851305,0,0,0.00018631663754659948,0.948814618635921,-0.0013898232258086503,0.32132545919299316,0.4,-2.893149858632282e-17,0.01995518793207846
196,Reach,0.6044570400531744,0.5705758500437774,0.9495430808148422,-0.0003836089999496898,0.3208986620461239,-0.5309701463948511,0.004571201061071169,-0.28882195385416,-0.009305864353601935,8.011557202640883e-05,-0.003659845642575621,0,0,0.00018654681189386363,0.948816278585555,-0.00139003342684538,0.32137302251438093,0.4,-2.864793568727292e-17,0.0199552649173687
197,Reach,0.633933769442501,0.5992524492551771,0.9502145051634266,0.00016946149371681492,0.3239274729253507,-0.5544126049448437,0.007960943450051694,-0.3073032881328082,-0.009251736987206882,0.00013284790842234373,-0.0037931140442617806,0,0,0.00018354487479046365,0.9488174506550074,-0.0013900327954319356,0.32141243769560396,0.4,-2.866218726426332e-17,0.01995533693127104
198,Reach,0.6290589053906277,0.594499210341786,0.9502101291784828,0.00036201550936205084,0.32246952383374794,-0.5505634619008815,0.002208303056711799,-0.30428622096404745,-0.009260962038693959,3.714560117652998e-05,-0.0037726916547980295,0,0,0.00018360579759817207,0.9488184940156883,-0.0013854407236249073,0.32148470696317655,0.4,-2.891175620868537e-17,0.019955404295038455
199,Reach,0.6206447836483104,0.5850317638962383,0.9473317950172374,0.0009223434592100688,0.3217062026629013,-0.5385025452944217,-0.011329711113433588,-0.30836114188946323,-0.009204671925983336,-0.00019365976024924067,-0.0039033973192943677,0,0,0.00018051670894374003,0.9488177910405906,-0.0013833565041515908,0.32156186300977857,0.4,-2.922288030615462e-17,0.019955467309136245
200,Reach,0.6248906053475977,0.5942646381361022,0.9487385259196759,0.0006950010140753948,0.3213151498070097,-0.5619269216669958,-3.561041726087011e-05,-0.2733613032040916,-0.009455836433907072,-5.992350036603456e-07,-0.0032537911697146406,0,0,0.00017970633021018967,0.9488199787715209,-0.0013839873753195991,0.32160422579851144,0.4,-2.918207186650563e-17,0.019955526254590805
201,Reach,0.5981515104587564,0.563743047541352,0.9511427001652493,0.0020418378694787858,0.3211252092064686,-0.5225668630303547,-0.026176131073681202,-0.2898687863305045,-0.009269593040826337,-0.00046432734182431083,-0.003722773828356794,0,0,0.0001833880047835945,0.9488205207305356,-0.001384886385541907,0.32164264873073917,0.4,-2.9274749210099093e-17,0.019955581394250303
202,Reach,0.6221208927913928,0.5891826074039982,0.947882256419146,0.001480648987385971,0.3215136693009077,-0.5489921283245253,-0.04370869562341674,-0.28936412737616113,-0.009317860395496797,-0.0007418531211571561,-0.0035534675454633995,0,0,0.0001862390808757676,0.9488209620822554,-0.0013809399688909832,0.3217142483808158,0.4,-3.013580623108512e-17,0.019955632973963307
203,Reach,0.6284037335968905,0.593547946706227,0.9480767606586129,-0.004064827154750475,0.32187684128701444,-0.5487101641209475,0.007045127445778034,-0.30620054599583474,-0.009244580276385462,0.00011869517003425805,-0.003810990287323685,0,0,0.00018537048595276527,0.9488204565965326,-0.0013790045291856804,0.3217846424894717,0.4,-3.033263296224292e-17,0.01995568122368068
204,Reach,0.6340018450686181,0.5992791827777892,0.9463418212972228,-0.00397036002390117,0.321490289799387,-0.5543591570212231,-0.0005952405312564905,-0.30764250399748244,-0.009250432402000816,-9.932608179336738e-06,-0.003798605233412413,0,0,0.00018852154493730175,0.9488230678354576,-0.0013802061782769914,0.3218227481112275,0.4,-3.02674600941628e-17,0.019955726358485523
205,Reach,0.6592702463373789,0.6262332317622407,0.9481615631982603,0.0011845245055617558,0.3224829724633884,-0.5838273140404404,0.02222439965430595,-0.3054324821397994,-0.009322841465910893,0.0003548901356091526,-0.003599816661045359,0,0,0.00018785750696228683,0.9488235941317096,-0.0013824256938250032,0.3218659852969353,0.4,-3.0642415664232536e-17,0.01995576857955641
206,Reach,0.6520772953239046,0.6177217348113508,0.9497058713502633,-0.0017774883255687202,0.319920115246766,-0.5722343241397843,-0.0002925103381839463,-0.31265410886621187,-0.009263626191080062,-4.7353091481114475e-06,-0.0037663254464773413,0,0,0.00018518059503606186,0.9488234889081603,-0.0013796747351623876,0.32193762021539185,0.4,-3.1344746560387465e-17,0.01995580807506791
207,Reach,0.6310466534361928,0.5975365223846448,0.9487525272954702,-0.0008858547357660865,0.32010998962745635,-0.5566101324653048,-0.0032216330900366225,-0.2973123951842699,-0.00931508136513545,-5.391524985250693e-05,-0.0036368052335449055,0,0,0.000179841555699315,0.9488233552234938,-0.0013777921526134012,0.321996384977578,0.4,-3.212241708811136e-17,0.019955845021032242
208,Reach,0.6318611847631866,0.5949132030135034,0.9478651349980772,-0.00011102788268177303,0.3228836424441069,-0.5428775448592269,0.0037861891448893077,-0.32329273556594973,-0.009125323528025728,6.364271503322761e-05,-0.004089550111403855,0,0,0.0001813493865012847,0.9488255489381959,-0.0013786650230726628,0.3220296795229887,0.4,-3.3342545021317894e-17,0.01995587958208686
209,Reach,0.6013392118223156,0.5653855997840616,0.9481406228227482,-0.0016242051432724866,0.32243660823195186,-0.5194576346040172,-0.02151723876698613,-0.3021748201993801,-0.009187670057433622,-0.0003805763495781328,-0.003929615828281364,0,0,0.00018542512679355455,0.9488262682759226,-0.001381400110142948,0.3220813535570553,0.4,-3.521205707727511e-17,0.019955911912230485
210,Reach,0.6143488646724362,0.5803962081837263,0.9505706472024602,-0.0013231064845648185,0.3236292870146483,-0.5395031251047063,-0.01418302453566863,-0.2935298065641505,-0.00929542814886766,-0.0002443679737338833,-0.0036790351755116384,0,0,0.00018556483121627733,0.9488257638917608,-0.0013794046013409396,0.3221526833128322,0.4,-3.662026738019615e-17,0.019955942155511594
211,Reach,0.5895563214138781,0.5562916317713406,0.9490521085837453,0.001804969037256582,0.3246603651972423,-0.5195882256464303,0.013950609504834736,-0.27822672837652,-0.009340212866261542,0.0002507787050546363,-0.0035633598827530017,0,0,0.00018250621811292912,0.9488266457917585,-0.0013771773056277326,0.32219830593005555,0.4,-3.817499373285333e-17,0.019955970446672005
212,Reach,0.6226694644379168,0.5885016409776872,0.9495117941770596,0.0002246794697757645,0.32286307711670764,-0.5463630726188409,-0.004032971620040921,-0.29864425318732213,-0.009283968549538097,-6.852948809693854e-05,-0.0037152700683057557,0,0,0.00018738663801558966,0.9488278101927029,-0.001376814493984719,0.32222962528913907,0.4,-3.9845126809212414e-17,0.019955996911748892
213,Reach,0.626203911375458,0.5927031656971528,0.950257010408649,-0.0012142388335189946,0.3234815990712037,-0.5520754093483642,0.013876908486650753,-0.2952143499655999,-0.009314534514068249,0.00023412914406030505,-0.0036310646276447546,0,0,0.00019049441346813398,0.9488284927099881,-0.0013793825086889997,0.32228984452265264,0.4,-4.1406978326123317e-17,0.019956021668637695
214,Reach,0.6311045087802128,0.5957945430874431,0.9497683796545693,-0.0020020334092688795,0.3222749344502253,-0.5487110437353202,-0.025232499697203987,-0.31076102143711615,-0.009209735975288841,-0.00042351008397035095,-0.0038731644006220448,0,0,0.0001897615065635372,0.9488278974158351,-0.0013786194790240671,0.32235587541401184,0.4,-4.265771724835473e-17,0.019956044827618757
215,Reach,0.6171898910438355,0.582469402910558,0.9499305420324066,-0.002444080684339746,0.321014661021215,-0.5391741490103035,-0.0040809162010292666,-0.30032972674824704,-0.009256694794886885,-7.00623274053061e-05,-0.0037826832731002714,0,0,0.00018592262658963734,0.948829759330615,-0.0013767866150051693,0.32239014766014157,0.4,-4.365013083464354e-17,0.019956066491849465
216,Reach,0.6384509715880129,0.6050628963422029,0.9501141311385682,6.542852973391773e-05,0.3221185310853142,-0.5637099521287926,-0.01248875619158274,-0.29949084119788916,-0.00931655131287339,-0.00020640426420263466,-0.003627570662897707,0,0,0.0001796274268027936,0.9488301734830294,-0.0013747600597085186,0.32242662312860887,0.4,-4.452607337059567e-17,0.01995608675782481
217,Reach,0.6197555475549511,0.5885597434385147,0.946851343545569,-0.002490774031578337,0.3234047246012846,-0.5549282203415435,0.014208241660700515,-0.27558979455454385,-0.009428579282359895,0.00024140695688244624,-0.003323193554011337,0,0,0.00017144539401246366,0.9488302550100084,-0.001376236600578167,0.3224921299784338,0.4,-4.57467735714099e-17,0.019956105715808012
218,Reach,0.6212739014621314,0.587665481613748,0.9487275924134823,-0.0004331690298724088,0.32387974460530217,-0.5472952403489362,0.006923429132691199,-0.29394088973537325,-0.0093130404536616,0.00011781241793680385,-0.0036405216305692278,0,0,0.00016187117317764368,0.9488304304404354,-0.001376857973565146,0.3225453048339425,0.4,-4.6556529301966716e-17,0.019956123450233308
219,Reach,0.6272725815136617,0.5926955638051437,0.9505162568198384,-0.0032696088899574756,0.3211168168318923,-0.5486566824414434,0.01573976392673628,-0.30364287602822687,-0.009256972988274657,0.0002655623711047537,-0.0037733178664679924,0,0,0.00015719787449730246,0.9488321541974707,-0.001376458860528257,0.3225737979979242,0.4,-4.742051316395777e-17,0.01995614004008263
220,Reach,0.6274822351496436,0.5905807645439676,0.950066172048673,-0.004756981060996461,0.3231058067775686,-0.5389703996723572,-0.01583478786668758,-0.3209269748690958,-0.009126108265455232,-0.0002681223097219366,-0.004079492413796001,0,0,0.00015845433227237545,0.9488325545311347,-0.0013731774864792633,0.32262223814199026,0.4,-4.7893881403389033e-17,0.019956155559237958
221,Reach,0.63394831376705,0.6039276796302101,0.9505949451802332,-0.003333876329296934,0.3251297730646825,-0.5719289374395805,0.025719465146203685,-0.27226138940347666,-0.00947015605891383,0.00042586995121587944,-0.0031835167667956517,0,0,0.00015676592006904784,0.948831867214432,-0.001372712941611449,0.32268547062746916,0.4,-4.8496747607704424e-17,0.019956170076810602
222,Reach,0.6487445861962927,0.6149208810679782,0.950576399295979,-0.0005023181487548166,0.32395138278718333,-0.5711716952895072,0.017308140116523013,-0.30713655090987824,-0.00928853959711876,0.0002814693832881833,-0.00369375244690656,0,0,0.00015621484752575672,0.9488332815182235,-0.0013739290738991146,0.32272197867695906,0.4,-4.9598716223621796e-17,0.01995618365744988
223,Reach,0.633350211308325,0.6014666625206679,0.9488763057108227,-0.002426419903184052,0.3227535096925874,-0.5650550942606363,-0.0034994985048767855,-0.2860646502534309,-0.009394620341758668,-5.8182750980924636e-05,-0.003426036106304562,0,0,0.00016003230570654035,0.9488340943497432,-0.001375183613080114,0.32275439526424743,0.4,-5.02564640801178e-17,0.01995619636163103
224,Reach,0.6035398478934858,0.5717402133798609,0.9504429320225989,-0.00457909840925912,0.32228637896235446,-0.5378847721163159,-0.009591161823259373,-0.2735842274977688,-0.009407852719272492,-0.0001677538434206142,-0.0033858774136839055,0,0,0.0001628753548634945,0.9488343429061241,-0.0013716961927492007,0.3228144519866343,0.4,-5.08064103139784e-17,0.019956208245924898
225,Reach,0.6144041633193201,0.5815083241529522,0.9470881702154524,-0.0018879568179543905,0.3257003070156236,-0.543830067754328,0.0038562552436707605,-0.2858784052808685,-0.00935205989607272,6.631470408077018e-05,-0.003540420604997513,0,0,0.00016239962139100267,0.9488341587355973,-0.0013693200355644778,0.3228651284880501,0.4,-5.1812457001622405e-17,0.019956219363250014
226,Reach,0.5927724045876015,0.5607750658963834,0.9490368905120479,-0.0014675585754969811,0.3232277694065351,-0.5273189536894569,-0.006372005358210263,-0.27069030693421314,-0.00940339515357289,-0.00011362854281020481,-0.003400477634100938,0,0,0.00016786845728119555,0.9488356062607554,-0.0013694651226179293,0.3228909794066997,0.4,-5.262016733730369e-17,0.019956229763108787
227,Reach,0.6086172812311927,0.5731724196145623,0.9475819461776461,-0.0007059112275472255,0.320789683299481,-0.5283791467134352,0.012075902572077343,-0.30180232754023056,-0.009218502646529137,0.0002106853393294456,-0.0038697313399933754,0,0,0.0001733639036970916,0.9488360702767062,-0.0013716737423596637,0.3229365262703636,0.4,-5.311774837715042e-17,0.01995623949180799
228,Reach,0.6194697771668836,0.5833663216470242,0.9486426874952816,-0.00017056589444313492,0.3230221892757791,-0.5353830198227828,0.011312881945373537,-0.3114158724450573,-0.009177475626485094,0.0001939241523822246,-0.003966904907909296,0,0,0.00017486253366555052,0.9488356167044377,-0.0013698829889196697,0.32299702563103094,0.4,-5.408115285068886e-17,0.019956248592665
229,Reach,0.6302443745419911,0.5958129382399243,0.9462508665386098,-0.0019249706992694304,0.3211467147532185,-0.5520298758701938,0.012259240978969006,-0.30384321417333565,-0.009265154219391931,0.0002057565418969201,-0.003756937787128039,0,0,0.00017406140429543983,0.948836967685933,-0.0013675345310272594,0.32303007527171546,0.4,-5.442553911074676e-17,0.019956257106200952
230,Reach,0.6284989105884219,0.5911661926409776,0.9466040036542762,-0.0011618655470200237,0.32131685966428264,-0.5380644342428752,0.011953264466817062,-0.32458383305752325,-0.009101745684054167,0.0002021980386499609,-0.0041373108967018,0,0,0.00018082785460270855,0.9488374845633101,-0.0013654651491341759,0.32306048360064765,0.4,-5.433223860344765e-17,0.019956265070321336
231,Reach,0.6272775370421662,0.5904160699751797,0.9490541528323104,-0.0022869788142694915,0.32155541004754895,-0.5391752102010154,0.004798050426736691,-0.3205373299546863,-0.00913212288113502,8.126557982980367e-05,-0.0040740308773234805,0,0,0.00018323091377076006,0.9488375158642107,-0.0013667479497329136,0.32311794260809745,0.4,-5.4341631847277605e-17,0.0199562725204849
232,Reach,0.6252218133940234,0.5930727152332539,0.9486068534200045,-0.0019413863841224177,0.3239212708689344,-0.5565916795521955,-0.0005362614687828067,-0.2847941899347917,-0.009384880896658506,-9.042086324471975e-06,-0.0034531042260854423,0,0,0.00018229043189929556,0.9488377354176124,-0.0013672353452633412,0.3231631963214847,0.4,-5.423946810988021e-17,0.019956279489861603
233,Reach,0.6481203670403367,0.6137091446381233,0.9470073438239761,-0.0009227875092564105,0.32274522010869267,-0.5684118201661199,-0.0030588419437928616,-0.31138184975027405,-0.009261908921062057,-4.984188308936676e-05,-0.0037702200101109706,0,0,0.00018452130495620316,0.9488390018407723,-0.0013669237237844021,0.32318790799748487,0.4,-5.412122978629047e-17,0.01995628600948037
234,Reach,0.6193466979062665,0.5863990648918787,0.9457055084699661,-0.0027881915238653996,0.325222488030217,-0.5481541567457071,0.0024454560047722593,-0.2882904306332897,-0.00934780066279227,4.1702931521951814e-05,-0.0035520252862561207,0,0,0.00018907165760887975,0.9488393346758845,-0.0013632866489478698,0.32323490016778705,0.4,-5.337364452479056e-17,0.019956292108367357
235,Reach,0.6024839988195954,0.5674485798514297,0.9473312078733256,-0.003815126359285392,0.32461514609025166,-0.5245704312112565,0.009445088052844093,-0.2961817378640362,-0.009244369443106198,0.00016644835123769312,-0.003809715021590806,0,0,0.00018953439992156992,0.9488388041996945,-0.0013619858326514131,0.3232882542120493,0.4,-5.279076640231583e-17,0.019956297813675177
236,Reach,0.6040265020859248,0.5695187080526227,0.9483544906950598,-0.0024708945950965393,0.3213600979302498,-0.5280402438690288,0.010594051746988402,-0.2931028525014325,-0.009271692683714942,0.0001860176250085454,-0.0037418060107297134,0,0,0.0001866702347820065,0.9488402137542729,-0.0013629361848394904,0.3233147911758339,0.4,-5.2393375003233315e-17,0.019956303150803992
237,Reach,0.6160792611870197,0.5810067063503,0.9504508456815889,-0.0014449842906488833,0.32159074965794443,-0.536743841968988,-0.003268194315361806,-0.3024053952545014,-0.00923816947554087,-5.6250543748308286e-05,-0.0038279316369957514,0,0,0.00018675830689589217,0.9488406874071641,-0.0013650320041181268,0.32335038677004124,0.4,-5.207820314234524e-17,0.01995630814351453
238,Reach,0.5882946212138521,0.5554452390481315,0.9503514539800031,0.0009059138115642526,0.32395044590850974,-0.5200805470532374,-0.008996274569091769,-0.27481967354946163,-0.009363309116565681,-0.0001619651036078501,-0.003507450597350061,0,0,0.00018363737001840416,0.9488404043468535,-0.0013627317493992751,0.32340638848363035,0.4,-5.1985649508621256e-17,0.019956312814034042
239,Reach,0.5949106675317126,0.5623972827339329,0.9485459159026667,-0.002485235464745767,0.32259822085692846,-0.5272617636080584,-0.013872951010109852,-0.27517499197823003,-0.009375254465045186,-0.00024667528517688576,-0.003470411361688002,0,0,0.0001779641756569313,0.9488412525831782,-0.0013603381503714206,0.3234398286822694,0.4,-5.185620684786064e-17,0.019956317183155044
240,Reach,0.6231857088181096,0.5893711786969492,0.9496625974413639,0.0008051699460992441,0.32517281093406075,-0.5480070341471419,-0.016646200503090455,-0.2962627587281161,-0.009298164789101835,-0.00028244001581301996,-0.0036693813091820183,0,0,0.00018057669432678514,0.9488418684240719,-0.0013587926029962416,0.3234658357968576,0.4,-5.17487125906878e-17,0.019956321270328183
241,Reach,0.6469440380458101,0.61217202990953,0.9511987041293641,-0.003284628957869012,0.32387365144115865,-0.5654466601216857,-0.020933332549704795,-0.3136374634966509,-0.009236728117180563,-0.0003419517966673262,-0.0038165328058385657,0,0,0.0001796111943871403,0.9488419877627297,-0.0013605388145289763,0.32351816673569544,0.4,-5.0847866595863096e-17,0.019956325093748787
242,Reach,0.621897616480061,0.5887865049011768,0.9503013836207956,-0.00226440094006418,0.3226473963641071,-0.549835992754438,-0.004582946457392037,-0.2905443564364853,-0.009338461193955585,-7.783715182400875e-05,-0.003575903229504615,0,0,0.00017635728319502391,0.9488421449434493,-0.0013613488382173073,0.32356015371670516,0.4,-4.991806320731969e-17,0.01995632867043784
243,Reach,0.6585453061966362,0.6204726740803069,0.9517029213864299,0.0005727357684623176,0.32166863607595214,-0.5613426162700803,0.00112621303981275,-0.34434738145784066,-0.009047015923821755,1.8150888618617645e-05,-0.004260419394773,0,0,0.0001766685822285102,0.9488431882324091,-0.0013615345863512136,0.3235823577202654,0.4,-4.96513938541043e-17,0.01995633201631784
244,Reach,0.6319297567777132,0.5953099902243326,0.9517973936912816,-0.0003605102504586927,0.32383222262438044,-0.544114030874138,-0.017590553581134545,-0.32088270650152917,-0.00914001175537299,-0.00029548561035412554,-0.004046340737718117,0,0,0.00017884449337602753,0.9488434233563916,-0.0013584172497251492,0.3236268052950307,0.4,-4.9287097733945934e-17,0.019956335146283716
245,Reach,0.6347745018775853,0.5986866194314394,0.9481113130191685,0.002007413821952773,0.3236493962765476,-0.5491003660567053,-0.013123981839659397,-0.31820624967307165,-0.00917174943008038,-0.00021921288055715992,-0.003978813655452853,0,0,0.000177554091461836,0.9488430889415832,-0.0013573861424519026,0.3236744663075784,0.4,-4.9377974878454976e-17,0.01995633807426906
